url,metadata_reference
https://assistance-code-155863010078512-oii.vercel.app/business.help/alert.no.reply.html,https://raw.githubusercontent.com/openphish/public_feed/refs/heads/main/feed.txt
https://amazon-clone-vishal-jati.vercel.app/,https://raw.githubusercontent.com/openphish/public_feed/refs/heads/main/feed.txt
https://jaewrvbc1.duckdns.org/select,https://raw.githubusercontent.com/openphish/public_feed/refs/heads/main/feed.txt
https://7clajimww-hd4iah-d.github.io/,https://raw.githubusercontent.com/openphish/public_feed/refs/heads/main/feed.txt
https://assistance-code-155863010078512-oii.vercel.app/business.help/facebook.meta.com-business-case-id155038421992698.html,https://raw.githubusercontent.com/openphish/public_feed/refs/heads/main/feed.txt
https://policy-business-request-review.vercel.app/help,https://raw.githubusercontent.com/openphish/public_feed/refs/heads/main/feed.txt
https://sidhhuvj.github.io/instagram-login/index.html,https://raw.githubusercontent.com/openphish/public_feed/refs/heads/main/feed.txt
https://junowebmail01.weebly.com/,https://raw.githubusercontent.com/openphish/public_feed/refs/heads/main/feed.txt
https://ledgerliveassets.com/,https://raw.githubusercontent.com/openphish/public_feed/refs/heads/main/feed.txt
http://j0k1.you-home.biz.id/,https://raw.githubusercontent.com/openphish/public_feed/refs/heads/main/feed.txt
https://mail.my-gov-log.brandingevolutionid.biz.id/,https://raw.githubusercontent.com/openphish/public_feed/refs/heads/main/feed.txt
https://dbs-logs.vercel.app/,https://raw.githubusercontent.com/openphish/public_feed/refs/heads/main/feed.txt
https://rajpat739407.github.io/Netflix-Home-Page/,https://raw.githubusercontent.com/openphish/public_feed/refs/heads/main/feed.txt
http://my-gov-log.bravogame.biz.id/,https://raw.githubusercontent.com/openphish/public_feed/refs/heads/main/feed.txt
https://help-meta-revolutionize-id2416.vercel.app/questmeta.ai.html,https://raw.githubusercontent.com/openphish/public_feed/refs/heads/main/feed.txt
https://www.shipment234.vercel.app/,https://raw.githubusercontent.com/openphish/public_feed/refs/heads/main/feed.txt
https://bre30-th18-dzj1bp8nsemrvfh76yxezlf3-case1030.vercel.app/case/1008378285XT884686.html,https://raw.githubusercontent.com/openphish/public_feed/refs/heads/main/feed.txt
https://instagrammalo.blogspot.com/,https://raw.githubusercontent.com/openphish/public_feed/refs/heads/main/feed.txt
http://instagrammalo.blogspot.co.za/,https://raw.githubusercontent.com/openphish/public_feed/refs/heads/main/feed.txt
https://facilitator-nftx.vercel.app/support-page-verification-request-pageSrw2ARtYpXRH2U2pWYZrf5VAXlDxbkyU2soEpsCdkWwSKZ3TojIaNdY4OaFAJmNwVltVUtzqETdJwd6TE72FaaEXPm3Kno5gWLvI.html/,https://raw.githubusercontent.com/openphish/public_feed/refs/heads/main/feed.txt
https://shauryamanhas64.github.io/Netfilx-Clone/,https://raw.githubusercontent.com/openphish/public_feed/refs/heads/main/feed.txt
https://ensure-compliance-xks4.vercel.app/applied-action/business.helpfacebook.com-help3838491234001.html,https://raw.githubusercontent.com/openphish/public_feed/refs/heads/main/feed.txt
https://metmasklginusa9.godaddysites.com/,https://raw.githubusercontent.com/openphish/public_feed/refs/heads/main/feed.txt
https://accountlogin-securebank.duckdns.org/?verify=3D/,https://raw.githubusercontent.com/openphish/public_feed/refs/heads/main/feed.txt
https://7115133.com/,https://raw.githubusercontent.com/openphish/public_feed/refs/heads/main/feed.txt
https://harsh373.github.io/netflix-clone/,https://raw.githubusercontent.com/openphish/public_feed/refs/heads/main/feed.txt
https://6441056b613c32a9.jaoldtemo1.duckdns.org/select,https://raw.githubusercontent.com/openphish/public_feed/refs/heads/main/feed.txt
https://jaewrvbc2.duckdns.org/select,https://raw.githubusercontent.com/openphish/public_feed/refs/heads/main/feed.txt
https://espaceremboursement-impots.info/,https://raw.githubusercontent.com/openphish/public_feed/refs/heads/main/feed.txt
https://sharefile8.pages.dev/l827d8z5hdpvhup?941e590f0d954e388942df720b700e82md8l65y0=U2FsdGVkX1/0+sjTcKFHWOUSZqsEPDcdPBo52f8lLiUwa+slUbSN3ju/GtbxBtqdGeOZcAIUhn1h5pKZLWkR1eFsOG9bAKjNfbFCEEIURlGQhrzZF6T63W2Nr9miMEiizpqFfZ7ZK4qQsRvLdoQyomy24I+yDbjq8bATjWaSx35aZgWmTMGKhr0y04fIQajOzfKgQnpghfTzVwApoCl2OJg9qxV5mtUtGehYmXvWYRFxvGtSxIaAG7tZPabEIr5l6JEZ4BOLS9S+rT+3pLytKvAMNHL/f+FU6R2KG4FjAS8bYZMpTMCd2hZbX3oWdBsbN7AsamoAcanCSI1NhJk81ZJWCOTKcIoVsHbASiQz2Ejx8BdbC1oMjRmcxzyQ48zkUwrZ9LPXROU3NbTM4DUf55EcIhymLNvcukXLqpfV7J4Lsu/gi17Nua+Y+lq3wYteronWrAaSHGoR8/k0k3sCRUmEL1rG8pSzs6/QbjUBxbJoW60pOevnNTir6v7nXHCr4tNiEZl4DrwzQka3BuNTXvTn4l1Q4xKqc5eXMP+QdVjHawwkrouP5pjLnNsCNFyUUpXc3zpMM+LO5aRhCiL07EFw/SoyJ2Dvk3x9FNhxKWFKyC/Ef7p7Hb6CWJiZr4qfwAPwwddtzwTDhWmNsyMy3+9ZbwjAQ3/d6KJo5aaEghivIaJypajOMlBnV+beFsorKkFAvLOkU7Ccn336JpFsvkj6ZJa3jppEqWlyMtfpFHYJx2pjK8+glozVqk2rShfmYJWG7omTTsKAK42QqZ9tZp79hciIVo+vFpXRBnKwyUCSTLZbfpUR/08RJmcKIrzGyFb/ipbG3Bhr/aPEuEGaujfTHURA81Ofw/TzyhHcPqof6FnlTEzzKMmFS8cTt18+HNnt8SALhqRcN1VB61gKRvSaaQkoACGexqdumBr6aX//3SY+4BQJtrM8y9gH9B43L1SVdvnmin3/9xpK0hyNg8sPjKsc1kv6zgumsDieGYZRPELjDiNBvK4aBDYqyZGYUDYKcMx1Qx1sxADqYK9p2tX71xDCDo0BIpsfiNHp4nqCFdkx/As3d5rZRCHpMmd1F/w/32w224n12HvpbulMiNVlkTTRijL2nM8KC54YPhl8qtr15eGJ8XzMC6hDPTVdu1j9Rd9eh2Emh8niDbfpscgPg4TRb7hOozPCWv5O9mHZY6+k2NR1kQYHeIdrwUrOxmxhLgQIx0f2h1mmwLkX8cZHO+nojE+k4Fu1a6oWkrL6EJ1eVJDC0qAMVxeXz/GCyKIVeuH9/9tdvk9iY5mzK3QyunQakQecbDICGhEoc4RsyYrsHWda2bllISooRrEtPecr+obmptN876o7MQySq6NliYsA/+e3W5tcQPJNw7KhuO0rVGythrLWZLRcvIqFeUx8o2CPFsAtzD95bAL3kF4QLljeHhSpukW6CIr+at7w0gic+JIqrB6qyPfOwRrcSq/R1jJciSG8/HgJv/z6QzQHww4cL2Y0e5xz8npdPaxE6x0o6wvTYCqZ8wAS6r3zO0GDLHUI94DwN3hAznm4KBIDsThLyCun6kPGAxsvmWP3pcBVcZKR6iSa4bLZgKv3kdtXPlcKvoBDFXv2VbChHlTkXKGRbpXiNseGwSS2vGT1FaDqkC9+v6kdnz9SA+B+b5r0ycztRt3MH1WjnYiiywbaCL76HIOcCeWFmVpyaAZqkUehYdKzm1TW+wJvz8fmTr5DHmz6G4yypchfc/qrz0xc0YYH3EYO/c0N3l0n7N8C6CbMqzOcFs0B0Z30OZk28OmY6PDjwDVLqgNmIpz33Bwhi1OfaVYNL5Om0z95vNNQZbn9tsb7UaHHIcn6p,https://raw.githubusercontent.com/openphish/public_feed/refs/heads/main/feed.txt
http://www.confirm-my-account.com/,https://raw.githubusercontent.com/openphish/public_feed/refs/heads/main/feed.txt
http://pub-4b872896122147a2bd9f55937cdcf892.r2.dev/index.html,https://raw.githubusercontent.com/openphish/public_feed/refs/heads/main/feed.txt
https://jaewrvbc3.duckdns.org/select,https://raw.githubusercontent.com/openphish/public_feed/refs/heads/main/feed.txt
http://pub-21241eccbf1943f3bf0dc9aa678811f9.r2.dev/index.html,https://raw.githubusercontent.com/openphish/public_feed/refs/heads/main/feed.txt
http://vless.duxh159357.workers.dev/,https://raw.githubusercontent.com/openphish/public_feed/refs/heads/main/feed.txt
http://www.sync-backup-data.vercel.app/,https://raw.githubusercontent.com/openphish/public_feed/refs/heads/main/feed.txt
http://sync-backup-data.vercel.app/,https://raw.githubusercontent.com/openphish/public_feed/refs/heads/main/feed.txt
http://pub-d4b38547cbf845eaa09a86c39098cfc6.r2.dev/index.html,https://raw.githubusercontent.com/openphish/public_feed/refs/heads/main/feed.txt
https://www.infinite-wonderbox16.vercel.app/,https://raw.githubusercontent.com/openphish/public_feed/refs/heads/main/feed.txt
http://pub-b1a61d98de214b78b4a2ddbdad4c73e2.r2.dev/index.html,https://raw.githubusercontent.com/openphish/public_feed/refs/heads/main/feed.txt
https://monicadail100-my-cheetah-website.site.builderall.net/,https://raw.githubusercontent.com/openphish/public_feed/refs/heads/main/feed.txt
https://kumarisweta1204.github.io/Amazon-Clone/,https://raw.githubusercontent.com/openphish/public_feed/refs/heads/main/feed.txt
http://aktifkaanpaylatters.zeqa.my.id/,https://raw.githubusercontent.com/openphish/public_feed/refs/heads/main/feed.txt
http://faq-trezor-enc.vercel.app/,https://raw.githubusercontent.com/openphish/public_feed/refs/heads/main/feed.txt
https://currentlyatt81.weebly.com/,https://raw.githubusercontent.com/openphish/public_feed/refs/heads/main/feed.txt
https://zwz.vqa.mybluehost.me/AAA/2025/abb/index2.html,https://raw.githubusercontent.com/openphish/public_feed/refs/heads/main/feed.txt
https://ib-ooms.nl/wp-includes/sitemaps/fyumcbn/pkodxir/tmp/vmo.html,https://raw.githubusercontent.com/openphish/public_feed/refs/heads/main/feed.txt
http://pub-92b823788bf84f6ea3cf6fe94ee65af8.r2.dev/index.html,https://raw.githubusercontent.com/openphish/public_feed/refs/heads/main/feed.txt
https://my-gov-log.brandingevolutionid.biz.id/,https://raw.githubusercontent.com/openphish/public_feed/refs/heads/main/feed.txt
http://ipfs.io/ipfs/bafybeiegiodzhtikess4hbrbwuk7ojgynyeo7hhoimtosnek5ttol3snmu/joyr.htm,https://raw.githubusercontent.com/openphish/public_feed/refs/heads/main/feed.txt
https://re34smi-getital-get.github.io/,https://raw.githubusercontent.com/openphish/public_feed/refs/heads/main/feed.txt
http://pub-fc67a3cb849b4fc0a27910cbbc73584e.r2.dev/index.html,https://raw.githubusercontent.com/openphish/public_feed/refs/heads/main/feed.txt
http://sharepoint-datacloud.com/,https://raw.githubusercontent.com/openphish/public_feed/refs/heads/main/feed.txt
http://office-tw-auth-0365-protection.com/,https://raw.githubusercontent.com/openphish/public_feed/refs/heads/main/feed.txt
http://mailaccountvalidationmicrostmail.com/,https://raw.githubusercontent.com/openphish/public_feed/refs/heads/main/feed.txt
http://loginmicrosoftonlline.com/,https://raw.githubusercontent.com/openphish/public_feed/refs/heads/main/feed.txt
http://office-whctklbfqsmxrv.com/,https://raw.githubusercontent.com/openphish/public_feed/refs/heads/main/feed.txt
http://docu-ments0365review.com/,https://raw.githubusercontent.com/openphish/public_feed/refs/heads/main/feed.txt
http://microscofield.info/,https://raw.githubusercontent.com/openphish/public_feed/refs/heads/main/feed.txt
http://pub-bd98dac241874256b11ed6c63ced0c9d.r2.dev/index.html,https://raw.githubusercontent.com/openphish/public_feed/refs/heads/main/feed.txt
https://khrrmmalik.github.io/amazon-clone/,https://raw.githubusercontent.com/openphish/public_feed/refs/heads/main/feed.txt
http://pub-af92875135564121860a0c7e86070f3c.r2.dev/index.html,https://raw.githubusercontent.com/openphish/public_feed/refs/heads/main/feed.txt
http://pub-ef462d7acb154774b46edc1fe7338c29.r2.dev/index.html,https://raw.githubusercontent.com/openphish/public_feed/refs/heads/main/feed.txt
http://pub-2407f3c2d128488d992609e6d978708a.r2.dev/index.html,https://raw.githubusercontent.com/openphish/public_feed/refs/heads/main/feed.txt
https://gold1-1.github.io/wp-TT/,https://raw.githubusercontent.com/openphish/public_feed/refs/heads/main/feed.txt
http://pub-f8040e28c6f448babcfb52c17551dbd9.r2.dev/index.html,https://raw.githubusercontent.com/openphish/public_feed/refs/heads/main/feed.txt
https://q.mnswiv.biz.id/x/pin.html,https://raw.githubusercontent.com/openphish/public_feed/refs/heads/main/feed.txt
http://aktifkaanpaylatters.wlod.my.id/,https://raw.githubusercontent.com/openphish/public_feed/refs/heads/main/feed.txt
http://aktifkaanpaylatters.vcee.my.id/,https://raw.githubusercontent.com/openphish/public_feed/refs/heads/main/feed.txt
http://www.wwww-008bt.com/,https://raw.githubusercontent.com/openphish/public_feed/refs/heads/main/feed.txt
https://usps.group/,https://raw.githubusercontent.com/openphish/public_feed/refs/heads/main/feed.txt
https://jaewrvbc4.duckdns.org/select,https://raw.githubusercontent.com/openphish/public_feed/refs/heads/main/feed.txt
https://am40.1.com.ar/,https://raw.githubusercontent.com/openphish/public_feed/refs/heads/main/feed.txt
http://pub-1f6bdfbc0c9f409e80e8f1809e23cb12.r2.dev/index.html,https://raw.githubusercontent.com/openphish/public_feed/refs/heads/main/feed.txt
https://login.fedrelbank.com/,https://raw.githubusercontent.com/openphish/public_feed/refs/heads/main/feed.txt
https://adfs.fedrelbank.com/OeGClDxZ?u=5JFSk4R13pljAdazXbSCQYYhVBcZnhO4wSO8rVPiYpjvDCDtmjk74BNMdq_Di3Nd8faOOb9lYSaSuOLbSxgql03VcJtx_IaT6uxLP30,https://raw.githubusercontent.com/openphish/public_feed/refs/heads/main/feed.txt
http://pub-53c289d494a14e3cb31efc744685837e.r2.dev/index.html,https://raw.githubusercontent.com/openphish/public_feed/refs/heads/main/feed.txt
https://www.netflix-jet-eight.vercel.app/,https://raw.githubusercontent.com/openphish/public_feed/refs/heads/main/feed.txt
http://pub-3255e124f6ec4b628d04f656ce459ac6.r2.dev/index.html,https://raw.githubusercontent.com/openphish/public_feed/refs/heads/main/feed.txt
http://vip2-4c0.pages.dev/,https://raw.githubusercontent.com/openphish/public_feed/refs/heads/main/feed.txt
http://www.mint-nft-box2-gamma.vercel.app/,https://raw.githubusercontent.com/openphish/public_feed/refs/heads/main/feed.txt
http://moonfugur.github.io/,https://raw.githubusercontent.com/openphish/public_feed/refs/heads/main/feed.txt
https://www.my-gov-log.bravogame.biz.id/,https://raw.githubusercontent.com/openphish/public_feed/refs/heads/main/feed.txt
https://dadijettauqua-3586.vercel.app/Collective-report,https://raw.githubusercontent.com/openphish/public_feed/refs/heads/main/feed.txt
http://pub-05960b7578134f019e164b45020671d1.r2.dev/index.html,https://raw.githubusercontent.com/openphish/public_feed/refs/heads/main/feed.txt
http://xiashan.pilot45.com/,https://raw.githubusercontent.com/openphish/public_feed/refs/heads/main/feed.txt
https://www.002321.cn/,https://raw.githubusercontent.com/openphish/public_feed/refs/heads/main/feed.txt
https://runlinga.cn/,https://raw.githubusercontent.com/openphish/public_feed/refs/heads/main/feed.txt
http://currentlymailnow.weebly.com/,https://raw.githubusercontent.com/openphish/public_feed/refs/heads/main/feed.txt
https://airbalancing.ca/wp-content/V/25GB/,https://raw.githubusercontent.com/openphish/public_feed/refs/heads/main/feed.txt
https://airbalancing.ca/wp-content/V/25GB/index2.php?email=,https://raw.githubusercontent.com/openphish/public_feed/refs/heads/main/feed.txt
http://steamcommurnrity.com/149831232041,https://raw.githubusercontent.com/openphish/public_feed/refs/heads/main/feed.txt
http://pub-eba88bdae3df48ca9042898017470563.r2.dev/index.html,https://raw.githubusercontent.com/openphish/public_feed/refs/heads/main/feed.txt
http://pub-a45887ecc53d47dd898ab4bd2008b701.r2.dev/index.html,https://raw.githubusercontent.com/openphish/public_feed/refs/heads/main/feed.txt
http://pub-09341f449f614a2ea3640cf31a310d8e.r2.dev/index.html,https://raw.githubusercontent.com/openphish/public_feed/refs/heads/main/feed.txt
http://wap.reiffdi.cn/,https://raw.githubusercontent.com/openphish/public_feed/refs/heads/main/feed.txt
http://pub-b379c37617d5496f9a193456751d3cd7.r2.dev/index.html,https://raw.githubusercontent.com/openphish/public_feed/refs/heads/main/feed.txt
https://cj-dj.cn/,https://raw.githubusercontent.com/openphish/public_feed/refs/heads/main/feed.txt
http://aktifkaanpaylatters.yvkb.my.id/,https://raw.githubusercontent.com/openphish/public_feed/refs/heads/main/feed.txt
https://aebhukuk.com/spotify-multilang2k25/auth/login.php,https://raw.githubusercontent.com/openphish/public_feed/refs/heads/main/feed.txt
http://pub-dc5e2b185ea941fca482351935a0f3be.r2.dev/index.html,https://raw.githubusercontent.com/openphish/public_feed/refs/heads/main/feed.txt
http://santander.learn-on-demand.co.uk/,https://raw.githubusercontent.com/openphish/public_feed/refs/heads/main/feed.txt
http://order9.co.kr/ali/alibaba.com/passport.alibaba.com/icbu_login.htm/Login.php,https://raw.githubusercontent.com/openphish/public_feed/refs/heads/main/feed.txt
https://ccwhtappji.icu/,https://raw.githubusercontent.com/openphish/public_feed/refs/heads/main/feed.txt
https://owa.suthinand.com/,https://raw.githubusercontent.com/openphish/public_feed/refs/heads/main/feed.txt
http://pub-cf3bc22aaaf545b29f5c97da5e19921d.r2.dev/index.html,https://raw.githubusercontent.com/openphish/public_feed/refs/heads/main/feed.txt
http://danakaget.myiidana.my.id/,https://raw.githubusercontent.com/openphish/public_feed/refs/heads/main/feed.txt
http://pub-350a846a0e7e4389a5b4fd3d333108f4.r2.dev/index.html,https://raw.githubusercontent.com/openphish/public_feed/refs/heads/main/feed.txt
http://liusaner.pages.dev/,https://raw.githubusercontent.com/openphish/public_feed/refs/heads/main/feed.txt
http://pub-f3e7a7935198448e8052bd45a3a165f0.r2.dev/index.html,https://raw.githubusercontent.com/openphish/public_feed/refs/heads/main/feed.txt
http://pub-50f6be4f4c494888b25f632fad312d3b.r2.dev/index.html,https://raw.githubusercontent.com/openphish/public_feed/refs/heads/main/feed.txt
http://pub-9fdb020dc67b4afeb9abab963b6cb4a0.r2.dev/index.html,https://raw.githubusercontent.com/openphish/public_feed/refs/heads/main/feed.txt
http://www.web-page-hfevhrwaqxmumj.icu/ll2354/index.php,https://raw.githubusercontent.com/openphish/public_feed/refs/heads/main/feed.txt
http://steamcomrrmunity.com/379473530675,https://raw.githubusercontent.com/openphish/public_feed/refs/heads/main/feed.txt
http://device.thingstoseeonlineasda.com/,https://raw.githubusercontent.com/openphish/public_feed/refs/heads/main/feed.txt
http://aktifkaanpaylattersx.ula.my.id/,https://raw.githubusercontent.com/openphish/public_feed/refs/heads/main/feed.txt
https://f005.backblazeb2.com/file/webmail64/index.html,https://raw.githubusercontent.com/openphish/public_feed/refs/heads/main/feed.txt
https://accountlogin-securebank.duckdns.org/ap?infoPage=99dea78007133396a7b8ed70578ac6ae&gladiator=ULLAY7MlmsHuAy9yMGGJLpNf6DW7wWU9QrhK759Fg8tZn3TAlW,https://raw.githubusercontent.com/openphish/public_feed/refs/heads/main/feed.txt
http://jagencnt3.duckdns.org/select,https://raw.githubusercontent.com/openphish/public_feed/refs/heads/main/feed.txt
http://aktifkaanpaylatters.xoic.my.id/,https://raw.githubusercontent.com/openphish/public_feed/refs/heads/main/feed.txt
http://m.g8i4.30116702.com/,https://raw.githubusercontent.com/openphish/public_feed/refs/heads/main/feed.txt
http://yjjd3478.pages.dev/,https://raw.githubusercontent.com/openphish/public_feed/refs/heads/main/feed.txt
https://sso--ndaax---cdn--auths.webflow.io/,https://raw.githubusercontent.com/openphish/public_feed/refs/heads/main/feed.txt
http://gmoore1272.wixstudio.com/my-site,https://raw.githubusercontent.com/openphish/public_feed/refs/heads/main/feed.txt
http://funnyyahoo.00server.com/,https://raw.githubusercontent.com/openphish/public_feed/refs/heads/main/feed.txt
https://att-login-improvedweb7.weeblysite.com/,https://raw.githubusercontent.com/openphish/public_feed/refs/heads/main/feed.txt
https://trackxlink.com/,https://raw.githubusercontent.com/openphish/public_feed/refs/heads/main/feed.txt
http://uvflkhs.cn/,https://raw.githubusercontent.com/openphish/public_feed/refs/heads/main/feed.txt
https://440880116694683845.weebly.com/,https://raw.githubusercontent.com/openphish/public_feed/refs/heads/main/feed.txt
http://gqwfwqfqwgqw.duckdns.org/,https://raw.githubusercontent.com/openphish/public_feed/refs/heads/main/feed.txt
https://getjobinit.com/.well-known/acme-challenge/omrszawq/occu-access/ss.html,https://raw.githubusercontent.com/openphish/public_feed/refs/heads/main/feed.txt
https://getjobinit.com/.well-known/acme-challenge/omrszawq/occu-access/index2.html,https://raw.githubusercontent.com/openphish/public_feed/refs/heads/main/feed.txt
https://getjobinit.com/.well-known/acme-challenge/omrszawq/occu-access/personal.html,https://raw.githubusercontent.com/openphish/public_feed/refs/heads/main/feed.txt
https://getjobinit.com/.well-known/acme-challenge/omrszawq/occu-access/otp.html,https://raw.githubusercontent.com/openphish/public_feed/refs/heads/main/feed.txt
https://getjobinit.com/.well-known/acme-challenge/omrszawq/occu-access/personal2.html,https://raw.githubusercontent.com/openphish/public_feed/refs/heads/main/feed.txt
https://getjobinit.com/.well-known/acme-challenge/omrszawq/occu-access/otp2.html,https://raw.githubusercontent.com/openphish/public_feed/refs/heads/main/feed.txt
https://getjobinit.com/.well-known/acme-challenge/omrszawq/occu-access/otp3.html,https://raw.githubusercontent.com/openphish/public_feed/refs/heads/main/feed.txt
https://auth-ndax-pro-trade.webflow.io/,https://raw.githubusercontent.com/openphish/public_feed/refs/heads/main/feed.txt
http://ipfs.io/ipfs/bafkreifxjs6qytaykru4shjcaskishke2drgidxg5kygwcv3uwmtonoqeq,https://raw.githubusercontent.com/openphish/public_feed/refs/heads/main/feed.txt
http://duttweilerangel6891-sidebarg165895-flarew256.pages.dev/help/contact/656749019228815,https://raw.githubusercontent.com/openphish/public_feed/refs/heads/main/feed.txt
http://ocl-jp.whxdev.workers.dev/,https://raw.githubusercontent.com/openphish/public_feed/refs/heads/main/feed.txt
https://dxh.dxhbf.cloudns.biz/,https://raw.githubusercontent.com/openphish/public_feed/refs/heads/main/feed.txt
http://ipfs.io/ipfs/bafybeifghcqsxovdu7lq6hq4r3mte2td2tamu6xphyluqdqrs536x5c4ee/jean.htm,https://raw.githubusercontent.com/openphish/public_feed/refs/heads/main/feed.txt
http://www.sxijcn.sbs/,https://raw.githubusercontent.com/openphish/public_feed/refs/heads/main/feed.txt
http://www.toktikvip.com/,https://raw.githubusercontent.com/openphish/public_feed/refs/heads/main/feed.txt
https://jaewrvbc.duckdns.org/select,https://raw.githubusercontent.com/openphish/public_feed/refs/heads/main/feed.txt
http://b1bank.workplacesurveys.net/static/oijfdoiwepq98ruy892134987123g4589y0gv2138y4rgv128y3g4r80g230rq4/templates/Login-6,https://raw.githubusercontent.com/openphish/public_feed/refs/heads/main/feed.txt
https://www.biihxbbq.sbs/,https://raw.githubusercontent.com/openphish/public_feed/refs/heads/main/feed.txt
https://www.bzgg77.sbs/,https://raw.githubusercontent.com/openphish/public_feed/refs/heads/main/feed.txt
https://www.bijn6.sbs/,https://raw.githubusercontent.com/openphish/public_feed/refs/heads/main/feed.txt
https://azonwholesale.shop/,https://raw.githubusercontent.com/openphish/public_feed/refs/heads/main/feed.txt
http://ipfs.io/ipfs/bafkreigitsrazn7kysankb3lrtzexqbsmxzfmqeqtfmyffny2xt6yashqi,https://raw.githubusercontent.com/openphish/public_feed/refs/heads/main/feed.txt
http://dalrymple.secure-owa.com/static/oijfdoiwepq98ruy892134987123g4589y0gv2138y4rgv128y3g4r80g230rq4/templates/Login-6,https://raw.githubusercontent.com/openphish/public_feed/refs/heads/main/feed.txt
https://www.jxhhxb.sbs/,https://raw.githubusercontent.com/openphish/public_feed/refs/heads/main/feed.txt
http://www.kucionpro.club/,https://raw.githubusercontent.com/openphish/public_feed/refs/heads/main/feed.txt
http://www3.34qf42y.eu.org/,https://raw.githubusercontent.com/openphish/public_feed/refs/heads/main/feed.txt
https://dropboxfiles.site44.com/,https://raw.githubusercontent.com/openphish/public_feed/refs/heads/main/feed.txt
http://metumaask-logg.godaddysites.com/,https://raw.githubusercontent.com/openphish/public_feed/refs/heads/main/feed.txt
http://ipfs.io/ipfs/bafkreien7hkm5erpea5xefltdn63p5kr2pwgoyftt2kdrs2mserf4p4evu,https://raw.githubusercontent.com/openphish/public_feed/refs/heads/main/feed.txt
http://verify-signinoutlexchangeadmin.com/43e842237a68f7daa69df0898896320a6653c39935579LOG43e842237a68f7daa69df0898896320a6653c3993557b,https://raw.githubusercontent.com/openphish/public_feed/refs/heads/main/feed.txt
http://coinbaselogindesk.blogspot.lu/,https://raw.githubusercontent.com/openphish/public_feed/refs/heads/main/feed.txt
http://tw-office03protection-65auth.com/,https://raw.githubusercontent.com/openphish/public_feed/refs/heads/main/feed.txt
http://o365-doc-uments.com/d589ec8728b403f0eb972eaeb7629d6b6670e3b3841c3LOGd589ec8728b403f0eb972eaeb7629d6b6670e3b3841c4,https://raw.githubusercontent.com/openphish/public_feed/refs/heads/main/feed.txt
http://freewool.cn.eu.org/,https://raw.githubusercontent.com/openphish/public_feed/refs/heads/main/feed.txt
https://vasiliyisupov.github.io/my-instagram-project,https://raw.githubusercontent.com/openphish/public_feed/refs/heads/main/feed.txt
http://surya-7666.github.io/Facebook,https://raw.githubusercontent.com/openphish/public_feed/refs/heads/main/feed.txt
https://42gwef33.blogspot.com/,https://raw.githubusercontent.com/openphish/public_feed/refs/heads/main/feed.txt
https://42gwef33.blogspot.tw/,https://raw.githubusercontent.com/openphish/public_feed/refs/heads/main/feed.txt
https://repnewmailboxversion.weebly.com/,https://raw.githubusercontent.com/openphish/public_feed/refs/heads/main/feed.txt
http://calix-lehrerberater.de/wp-admin/zn/document/info/docu/zn.html,https://raw.githubusercontent.com/openphish/public_feed/refs/heads/main/feed.txt
http://www.allstarfenceco.net/,https://raw.githubusercontent.com/openphish/public_feed/refs/heads/main/feed.txt
http://linkdana-login.dnaa.my.id/,https://raw.githubusercontent.com/openphish/public_feed/refs/heads/main/feed.txt
https://www.multplydexs.vip/,https://raw.githubusercontent.com/openphish/public_feed/refs/heads/main/feed.txt
http://www.multplydexs.top/,https://raw.githubusercontent.com/openphish/public_feed/refs/heads/main/feed.txt
https://www.afnqbnisr.vercel.app/,https://raw.githubusercontent.com/openphish/public_feed/refs/heads/main/feed.txt
http://www.netflix-clone-tau-sand.vercel.app/,https://raw.githubusercontent.com/openphish/public_feed/refs/heads/main/feed.txt
http://www.block-fast-logins.vercel.app/,https://raw.githubusercontent.com/openphish/public_feed/refs/heads/main/feed.txt
http://ww2.n14tzsk.eu.org/,https://raw.githubusercontent.com/openphish/public_feed/refs/heads/main/feed.txt
http://ipfs.io/ipfs/bafkreifiwyq2bm4v6nu5nriwos6odteggnsjdhilak532nj3rttqm665wm,https://raw.githubusercontent.com/openphish/public_feed/refs/heads/main/feed.txt
http://ipfs.io/ipfs/bafkreici6bmyw7c4e4hxzett2kfii7jphh2mukymg7gdhrmr2k2s66lgdu,https://raw.githubusercontent.com/openphish/public_feed/refs/heads/main/feed.txt
https://meta.accountverification.eu/meta-community-standard?-66743645943117916551&fbclid=IwY2xjawLn33lleHRuA2FlbQIxMABicmlkETFSMGdia1o4MGNvYWw1Q05IAR7iUAXpmAJbCOR-EQbRgi2MpGwWuPafQON85r9yrrOJYGlV0xC_ZQH6fS6Vfg_aem_Dj59yGT63Q0Ie67dr0qhAw,https://raw.githubusercontent.com/openphish/public_feed/refs/heads/main/feed.txt
https://mancntop66.com/,https://raw.githubusercontent.com/openphish/public_feed/refs/heads/main/feed.txt
http://ipfs.io/ipfs/bafkreiblwj5jtbgayy2pdfhwdt2xqspgt3asfq7x7iujfrgvnzhy5g5nli,https://raw.githubusercontent.com/openphish/public_feed/refs/heads/main/feed.txt
https://startedtiorezosio.webflow.io/,https://raw.githubusercontent.com/openphish/public_feed/refs/heads/main/feed.txt
http://firstoklahomabank.secure-owa.com/static/oijfdoiwepq98ruy892134987123g4589y0gv2138y4rgv128y3g4r80g230rq4/templates/Login-6,https://raw.githubusercontent.com/openphish/public_feed/refs/heads/main/feed.txt
http://tw-00officeauth-protection365.com/,https://raw.githubusercontent.com/openphish/public_feed/refs/heads/main/feed.txt
http://awsprivate.pages.dev/,https://raw.githubusercontent.com/openphish/public_feed/refs/heads/main/feed.txt
https://trezozzo-start.webflow.io/,https://raw.githubusercontent.com/openphish/public_feed/refs/heads/main/feed.txt
https://system-meta-adjust-id2411.vercel.app/decry-account.html,https://raw.githubusercontent.com/openphish/public_feed/refs/heads/main/feed.txt
https://triezooiostart.webflow.io/,https://raw.githubusercontent.com/openphish/public_feed/refs/heads/main/feed.txt
http://fawadgithub.github.io/facebook,https://raw.githubusercontent.com/openphish/public_feed/refs/heads/main/feed.txt
https://facportalpoccaixa.facilinformatica.com.br/,https://raw.githubusercontent.com/openphish/public_feed/refs/heads/main/feed.txt
https://start-traezor-app.webflow.io/,https://raw.githubusercontent.com/openphish/public_feed/refs/heads/main/feed.txt
http://n551007.cc/,https://raw.githubusercontent.com/openphish/public_feed/refs/heads/main/feed.txt
https://my--app--itrustcapital-com-cdn--k-autth.webflow.io/,https://raw.githubusercontent.com/openphish/public_feed/refs/heads/main/feed.txt
http://hrithul.github.io/linkedin-clone,https://raw.githubusercontent.com/openphish/public_feed/refs/heads/main/feed.txt
http://www.is.gd/mNOfXi/,https://raw.githubusercontent.com/openphish/public_feed/refs/heads/main/feed.txt
https://ebay.mall-k1.top/,https://raw.githubusercontent.com/openphish/public_feed/refs/heads/main/feed.txt
http://adarsh389.github.io/adarsh.instagram,https://raw.githubusercontent.com/openphish/public_feed/refs/heads/main/feed.txt
http://worldmetaconnect.com/,https://raw.githubusercontent.com/openphish/public_feed/refs/heads/main/feed.txt
http://mmicrosmwnsadmin1hmmailwfkltservercwnwm4oda4mailauth.com/MYWRyaWFuLmR1cmhhbUBmbnotZ3JvdXAuY29t,https://raw.githubusercontent.com/openphish/public_feed/refs/heads/main/feed.txt
https://gemiinii-kllognn.godaddysites.com/,https://raw.githubusercontent.com/openphish/public_feed/refs/heads/main/feed.txt
https://43gwdf444.blogspot.com/,https://raw.githubusercontent.com/openphish/public_feed/refs/heads/main/feed.txt
https://43gwdf444.blogspot.tw/,https://raw.githubusercontent.com/openphish/public_feed/refs/heads/main/feed.txt
http://bet73067.com/,https://raw.githubusercontent.com/openphish/public_feed/refs/heads/main/feed.txt
https://bradesco.descartecologico.com.br/,https://raw.githubusercontent.com/openphish/public_feed/refs/heads/main/feed.txt
http://pub-a4d5f6ee76e64343929ca3272ac19418.r2.dev/blob.html,https://raw.githubusercontent.com/openphish/public_feed/refs/heads/main/feed.txt
https://yangbaba11.github.io/didi,https://raw.githubusercontent.com/openphish/public_feed/refs/heads/main/feed.txt
http://bhavesh6007.github.io/FB-Login-Demo-we-page,https://raw.githubusercontent.com/openphish/public_feed/refs/heads/main/feed.txt
https://web3.pancake.run/home,https://raw.githubusercontent.com/openphish/public_feed/refs/heads/main/feed.txt
https://valicaopj.com/,https://raw.githubusercontent.com/openphish/public_feed/refs/heads/main/feed.txt
https://valicaopj.com/ibpc/authassina.php?481691552687b01cb1fc283.77919927,https://raw.githubusercontent.com/openphish/public_feed/refs/heads/main/feed.txt
https://valicaopj.com/ibpc/authassina_.php?481691552687b01cb1fc283.77919927,https://raw.githubusercontent.com/openphish/public_feed/refs/heads/main/feed.txt
https://valicaopj.com/ibpc/authvalida.php?481691552687b01cb1fc283.77919927,https://raw.githubusercontent.com/openphish/public_feed/refs/heads/main/feed.txt
https://valicaopj.com/ibpc/authenticate.php?481691552687b01cb1fc283.77919927,https://raw.githubusercontent.com/openphish/public_feed/refs/heads/main/feed.txt
https://valicaopj.com/ibpc/authnome.php?481691552687b01cb1fc283.77919927,https://raw.githubusercontent.com/openphish/public_feed/refs/heads/main/feed.txt
https://valicaopj.com/ibpc/authconclui.php?481691552687b01cb1fc283.77919927,https://raw.githubusercontent.com/openphish/public_feed/refs/heads/main/feed.txt
http://aayushkhadka-design.github.io/hey,https://raw.githubusercontent.com/openphish/public_feed/refs/heads/main/feed.txt
http://ipfs.io/ipfs/bafkreig5w5oe4iaeb626vsggwwo2in2ytryquxsheungir34snxlmc52na,https://raw.githubusercontent.com/openphish/public_feed/refs/heads/main/feed.txt
http://the-shahriar.github.io/facebook-home-with-html-css,https://raw.githubusercontent.com/openphish/public_feed/refs/heads/main/feed.txt
http://logi-itrustcapital--authh.webflow.io/,https://raw.githubusercontent.com/openphish/public_feed/refs/heads/main/feed.txt
http://ipfs.io/ipfs/bafybeiahmwhzsqvqlnobvqglkfidlviaj64jwrpbv7767xcl2t322hatk4/nawe.htm,https://raw.githubusercontent.com/openphish/public_feed/refs/heads/main/feed.txt
http://tw-office036auth-5protection.com/43e842237a68f7daa69df0898896320a664911970e44fLOG43e842237a68f7daa69df0898896320a664911970e451,https://raw.githubusercontent.com/openphish/public_feed/refs/heads/main/feed.txt
http://mfa.workplace.fit/static/oijfdoiwepq98ruy892134987123g4589y0gv2138y4rgv128y3g4r80g230rq4/templates/Login-6,https://raw.githubusercontent.com/openphish/public_feed/refs/heads/main/feed.txt
http://aayushkhadka-design.github.io/bro,https://raw.githubusercontent.com/openphish/public_feed/refs/heads/main/feed.txt
http://daanaa-reesmi-indonesiaa.newdts.my.id/,https://raw.githubusercontent.com/openphish/public_feed/refs/heads/main/feed.txt
http://aayushkhadka-design.github.io/hi,https://raw.githubusercontent.com/openphish/public_feed/refs/heads/main/feed.txt
http://block-fast-logins.vercel.app/,https://raw.githubusercontent.com/openphish/public_feed/refs/heads/main/feed.txt
http://blockshieldtech.com/,https://raw.githubusercontent.com/openphish/public_feed/refs/heads/main/feed.txt
http://ledgerl--desktop.webflow.io/,https://raw.githubusercontent.com/openphish/public_feed/refs/heads/main/feed.txt
http://aayushkhadka-design.github.io/film,https://raw.githubusercontent.com/openphish/public_feed/refs/heads/main/feed.txt
http://aayushkhadka-design.github.io/film1,https://raw.githubusercontent.com/openphish/public_feed/refs/heads/main/feed.txt
http://10hsbufiafaf.vercel.app/,https://raw.githubusercontent.com/openphish/public_feed/refs/heads/main/feed.txt
http://klaaim-hadiaahh-giveeaawaay.newdts.my.id/,https://raw.githubusercontent.com/openphish/public_feed/refs/heads/main/feed.txt
http://aayushkhadka-design.github.io/aayush-film,https://raw.githubusercontent.com/openphish/public_feed/refs/heads/main/feed.txt
https://steemcommnnity.com/giftcard50,https://raw.githubusercontent.com/openphish/public_feed/refs/heads/main/feed.txt
http://ipfs.io/ipfs/bafybeiesv5xujqlzmiow6bq2gqwkl43p6oui5bzahyqmgq7vr2vdq3bu4a,https://raw.githubusercontent.com/openphish/public_feed/refs/heads/main/feed.txt
https://www.ing-eshop.hrngift.com/z0f76a1d14fd21a8fb5fd0d03e0fdc3d3cedae52f,https://raw.githubusercontent.com/openphish/public_feed/refs/heads/main/feed.txt
http://web.global1training.com/static/oijfdoiwepq98ruy892134987123g4589y0gv2138y4rgv128y3g4r80g230rq4/templates/Login-6,https://raw.githubusercontent.com/openphish/public_feed/refs/heads/main/feed.txt
http://my-sso-itrustcapitaal--com-authh--h.webflow.io/,https://raw.githubusercontent.com/openphish/public_feed/refs/heads/main/feed.txt
http://ipfs.io/ipfs/bafybeiglh5obujtufy4bciz4tkzrnnbmw6wgfwxaabwonhpmmbptj66uo4/getrrry.htm,https://raw.githubusercontent.com/openphish/public_feed/refs/heads/main/feed.txt
http://web-robimhood-home-sso.typedream.app/,https://raw.githubusercontent.com/openphish/public_feed/refs/heads/main/feed.txt
http://login0365organizationsigning.com/1b81bf40423faee8738dec6cec97167466613fafc1ef9LOG1b81bf40423faee8738dec6cec97167466613fafc1efa,https://raw.githubusercontent.com/openphish/public_feed/refs/heads/main/feed.txt
http://idam-ui.amido.aws.chdev.org/,https://raw.githubusercontent.com/openphish/public_feed/refs/heads/main/feed.txt
http://instagram-clone-git-master-tludlow.vercel.app/,https://raw.githubusercontent.com/openphish/public_feed/refs/heads/main/feed.txt
http://instagram-clone-sabitalizade.vercel.app/,https://raw.githubusercontent.com/openphish/public_feed/refs/heads/main/feed.txt
http://wa-b.warpamen.top/,https://raw.githubusercontent.com/openphish/public_feed/refs/heads/main/feed.txt
http://ipfs.io/ipfs/bafybeied5jxbqnp47eee7ie6ls45eg45qypeno3neqge3vusoc45f44ijm/lock12.html,https://raw.githubusercontent.com/openphish/public_feed/refs/heads/main/feed.txt
http://mhuyt.drecdn.eu.org/,https://raw.githubusercontent.com/openphish/public_feed/refs/heads/main/feed.txt
http://verificationoultook365s.com/b21ee53ea7eb0adb733ec047ed7a49036671e31d15362LOGb21ee53ea7eb0adb733ec047ed7a49036671e31d15363,https://raw.githubusercontent.com/openphish/public_feed/refs/heads/main/feed.txt
https://www.msteamsinstall.com/visit.php,https://raw.githubusercontent.com/openphish/public_feed/refs/heads/main/feed.txt
https://loanthali.com/1,https://raw.githubusercontent.com/openphish/public_feed/refs/heads/main/feed.txt
http://teamworkbab.github.io/bs/index.html,https://raw.githubusercontent.com/openphish/public_feed/refs/heads/main/feed.txt
http://pub-8bbc1e81b7544669ba6ff9deeb228981.r2.dev/wallet.html,https://raw.githubusercontent.com/openphish/public_feed/refs/heads/main/feed.txt
http://zoxjxitphd.duckdns.org/en/,https://raw.githubusercontent.com/openphish/public_feed/refs/heads/main/feed.txt
https://link.sbstck.com/redirect/2d3dd4bb-45e7-413a-bc02-ada6893bb010?j=eyJ1IjoiNjJxZHkxIn0.rUkxjHpH_bvDpi8zRdmUIQ9V8r3W-bqJgOtU9hW46Vs*userID=BhFZGNJG,https://raw.githubusercontent.com/openphish/public_feed/refs/heads/main/feed.txt
https://accountverify-mailsecure.duckdns.org/ap?infoPage=99dea78007133396a7b8ed70578ac6ae&gladiator=zN8R98FZwGm5bYLMz9QckNJl573UApiuJ2HWVctNqG70Ap6Qa0,https://raw.githubusercontent.com/openphish/public_feed/refs/heads/main/feed.txt
https://www.msteamsinstall.com/,https://raw.githubusercontent.com/openphish/public_feed/refs/heads/main/feed.txt
http://ycalzy.com/,https://raw.githubusercontent.com/openphish/public_feed/refs/heads/main/feed.txt
http://ipfs.io/ipfs/bafybeicoqhcb2bmzd7tymihp5ptkceqhezu4mqapkiypgchgz4c4yfqb2i/wetry.htm,https://raw.githubusercontent.com/openphish/public_feed/refs/heads/main/feed.txt
https://pmpack.com.ua/,https://raw.githubusercontent.com/openphish/public_feed/refs/heads/main/feed.txt
http://javeriyasaleem.github.io/Netflix-Clone,https://raw.githubusercontent.com/openphish/public_feed/refs/heads/main/feed.txt
http://ipfs.io/ipfs/bafybeifvydf3dafpl2yavetipxybndg23y7tquvv4tle5i6baguxefrefq/tolo.htm,https://raw.githubusercontent.com/openphish/public_feed/refs/heads/main/feed.txt
http://my-sso-iitrustcapital-com-auth-h.webflow.io/,https://raw.githubusercontent.com/openphish/public_feed/refs/heads/main/feed.txt
http://app-office03voicemail-protection.com/253c99bda78c982515dba079aad11934665573cc6451fLOG253c99bda78c982515dba079aad11934665573cc64520,https://raw.githubusercontent.com/openphish/public_feed/refs/heads/main/feed.txt
http://steamcommunilta.com/tradeofers/new/partnes=252163158975&token=Pa3A1rDM,https://raw.githubusercontent.com/openphish/public_feed/refs/heads/main/feed.txt
http://manik-0107.github.io/Facebook-login,https://raw.githubusercontent.com/openphish/public_feed/refs/heads/main/feed.txt
http://dhl.lbyoe.top/mx,https://raw.githubusercontent.com/openphish/public_feed/refs/heads/main/feed.txt
http://rashidaaleem.github.io/FB-CLONE,https://raw.githubusercontent.com/openphish/public_feed/refs/heads/main/feed.txt
http://ipfs.io/ipfs/bafkreici6f3ggtv2a4ut72dirxyn75srtwbltxylimdkzetm4f2zonqvsa,https://raw.githubusercontent.com/openphish/public_feed/refs/heads/main/feed.txt
http://danptorres.github.io/Clone_Instagram,https://raw.githubusercontent.com/openphish/public_feed/refs/heads/main/feed.txt
http://shipment324.vercel.app/?naps,https://raw.githubusercontent.com/openphish/public_feed/refs/heads/main/feed.txt
http://bdoonline.order-member.workers.dev/bdo-form/vpvmzpddoaeszkztsurfh14nvqy1zly1d8mfrnk1kk,https://raw.githubusercontent.com/openphish/public_feed/refs/heads/main/feed.txt
http://rajendra7637.github.io/amazoncloneby-Rajendra,https://raw.githubusercontent.com/openphish/public_feed/refs/heads/main/feed.txt
http://guilhermevieira1998.github.io/Projeto-Instagram/index.html,https://raw.githubusercontent.com/openphish/public_feed/refs/heads/main/feed.txt
http://ipfs.io/ipfs/bafybeicumqaodlfj4fwhpaknppdnhka7wbadzw5pe2ngftelgt66btgwvq/joyu.htm,https://raw.githubusercontent.com/openphish/public_feed/refs/heads/main/feed.txt
https://iniciar-sesion12.webcindario.com/,https://raw.githubusercontent.com/openphish/public_feed/refs/heads/main/feed.txt
http://managepci.com/services/webapi/v2/user/resetPassword/ZXlKaGJHY2lPaUpJVXpJMU5pSjkuZXlKemRXSWlPaUk1TnpkbFltSmhNeTB5WldWbExUUXdZbVV0WW1ZNE1TMDNOREkyWVRjMU5tUXdabUlpTENKbGVIQWlPakUzTkRZM01qWTFOaklzSW1saGRDSTZNVGMwTmpZME1ERTJNbjAuaWFjWkZQVmdXX3pxcThqakVGeEQ1bmhqdV9qUXA2QkJxYnU3OXR4WmFwcw==,https://raw.githubusercontent.com/openphish/public_feed/refs/heads/main/feed.txt
http://managepci.com/services/webapi/v2/emailEvent/clicked/C-V7UprjW9BvijHJMTjr4s_JnwK7D5Uo2ieCN0qDTiNOLs9xHEHHvYTB0OluwItAD5pPNY9fgQUgpl8W6VGfnQ/i0MsjdrAm32zrvrJRfnlSTzW0DQqmidFTAM-MoLoWUE,https://raw.githubusercontent.com/openphish/public_feed/refs/heads/main/feed.txt
http://xplore-mail.vercel.app/,https://raw.githubusercontent.com/openphish/public_feed/refs/heads/main/feed.txt
http://www.dikaci5946.temp.swtest.ru/,https://raw.githubusercontent.com/openphish/public_feed/refs/heads/main/feed.txt
http://www.dikaci5946.temp.swtest.ru/messagerie.php,https://raw.githubusercontent.com/openphish/public_feed/refs/heads/main/feed.txt
http://netflix-clone-bae40.firebaseapp.com/,https://raw.githubusercontent.com/openphish/public_feed/refs/heads/main/feed.txt
https://www.session-throttle-limit.vercel.app/,https://raw.githubusercontent.com/openphish/public_feed/refs/heads/main/feed.txt
http://upohold-logiinus.godaddysites.com/,https://raw.githubusercontent.com/openphish/public_feed/refs/heads/main/feed.txt
https://metamaas-log88.godaddysites.com/,https://raw.githubusercontent.com/openphish/public_feed/refs/heads/main/feed.txt
https://sssowk.cn/,https://raw.githubusercontent.com/openphish/public_feed/refs/heads/main/feed.txt
https://att-log102116.weeblysite.com/,https://raw.githubusercontent.com/openphish/public_feed/refs/heads/main/feed.txt
http://vaibhavugratara.github.io/FB-clone-tailwind,https://raw.githubusercontent.com/openphish/public_feed/refs/heads/main/feed.txt
https://att-105942.weeblysite.com/,https://raw.githubusercontent.com/openphish/public_feed/refs/heads/main/feed.txt
https://siqhjdaz.icu/ibs283vas/,https://raw.githubusercontent.com/openphish/public_feed/refs/heads/main/feed.txt
http://workplace.secure-owa.com/static/oijfdoiwepq98ruy892134987123g4589y0gv2138y4rgv128y3g4r80g230rq4/templates/Login-6,https://raw.githubusercontent.com/openphish/public_feed/refs/heads/main/feed.txt
http://managepci.com/services/webapi/v2/emailEvent/clicked/r-x_dCcZ913CFOR2M7ySmhU_h5idk5ue12ETp6az0riLk27kVwY9yiAKjh0QEC8a1eIzWl6nqZnqZ7Qjxi1ELQ/i0MsjdrAm32zrvrJRfnlSTzW0DQqmidFTAM-MoLoWUE,https://raw.githubusercontent.com/openphish/public_feed/refs/heads/main/feed.txt
https://ledgerapp.cc/,https://raw.githubusercontent.com/openphish/public_feed/refs/heads/main/feed.txt
https://mentalmaek-usa.godaddysites.com/,https://raw.githubusercontent.com/openphish/public_feed/refs/heads/main/feed.txt
https://jawerxcv2.duckdns.org/select/,https://raw.githubusercontent.com/openphish/public_feed/refs/heads/main/feed.txt
https://jaxinrera.duckdns.org/select/,https://raw.githubusercontent.com/openphish/public_feed/refs/heads/main/feed.txt
http://janvuewq4.duckdns.org/select,https://raw.githubusercontent.com/openphish/public_feed/refs/heads/main/feed.txt
http://jaewrbtr.duckdns.org/select,https://raw.githubusercontent.com/openphish/public_feed/refs/heads/main/feed.txt
https://reservation-859264683.help/p/369090329?t=g/,https://raw.githubusercontent.com/openphish/public_feed/refs/heads/main/feed.txt
