dest_ip,dest_nt_domain,dest_port
146.70.116.194,at-vie-ovpn-001.relays.mullvad.net,443
146.70.116.194,at-vie-ovpn-001.relays.mullvad.net,80
146.70.116.226,at-vie-ovpn-002.relays.mullvad.net,443
146.70.116.226,at-vie-ovpn-002.relays.mullvad.net,80
103.214.20.146,au-adl-ovpn-301.relays.mullvad.net,443
103.214.20.146,au-adl-ovpn-301.relays.mullvad.net,80
103.214.20.162,au-adl-ovpn-302.relays.mullvad.net,443
103.214.20.162,au-adl-ovpn-302.relays.mullvad.net,80
103.216.220.50,au-bne-ovpn-301.relays.mullvad.net,443
103.216.220.50,au-bne-ovpn-301.relays.mullvad.net,80
103.216.220.66,au-bne-ovpn-302.relays.mullvad.net,443
103.216.220.66,au-bne-ovpn-302.relays.mullvad.net,80
103.108.229.82,au-mel-ovpn-301.relays.mullvad.net,443
103.108.229.82,au-mel-ovpn-301.relays.mullvad.net,80
103.108.229.98,au-mel-ovpn-302.relays.mullvad.net,443
103.108.229.98,au-mel-ovpn-302.relays.mullvad.net,80
103.108.231.82,au-per-ovpn-301.relays.mullvad.net,443
103.108.231.82,au-per-ovpn-301.relays.mullvad.net,80
103.108.231.98,au-per-ovpn-302.relays.mullvad.net,443
103.108.231.98,au-per-ovpn-302.relays.mullvad.net,80
146.70.200.130,au-syd-ovpn-001.relays.mullvad.net,443
146.70.200.130,au-syd-ovpn-001.relays.mullvad.net,80
146.70.200.66,au-syd-ovpn-002.relays.mullvad.net,443
146.70.200.66,au-syd-ovpn-002.relays.mullvad.net,80
82.102.19.66,be-bru-ovpn-101.relays.mullvad.net,443
82.102.19.66,be-bru-ovpn-101.relays.mullvad.net,80
91.207.57.130,be-bru-ovpn-102.relays.mullvad.net,443
91.207.57.130,be-bru-ovpn-102.relays.mullvad.net,80
146.70.188.66,bg-sof-ovpn-001.relays.mullvad.net,443
146.70.188.66,bg-sof-ovpn-001.relays.mullvad.net,80
146.70.188.2,bg-sof-ovpn-002.relays.mullvad.net,443
146.70.188.2,bg-sof-ovpn-002.relays.mullvad.net,80
149.78.184.210,br-sao-ovpn-001.relays.mullvad.net,443
149.78.184.210,br-sao-ovpn-001.relays.mullvad.net,80
37.120.237.66,ca-mtr-ovpn-001.relays.mullvad.net,443
37.120.237.66,ca-mtr-ovpn-001.relays.mullvad.net,80
45.133.182.194,ca-mtr-ovpn-002.relays.mullvad.net,443
45.133.182.194,ca-mtr-ovpn-002.relays.mullvad.net,80
178.249.214.193,ca-tor-ovpn-001.relays.mullvad.net,443
178.249.214.193,ca-tor-ovpn-001.relays.mullvad.net,80
178.249.214.206,ca-tor-ovpn-002.relays.mullvad.net,443
178.249.214.206,ca-tor-ovpn-002.relays.mullvad.net,80
198.54.132.34,ca-tor-ovpn-101.relays.mullvad.net,443
198.54.132.34,ca-tor-ovpn-101.relays.mullvad.net,80
198.54.132.66,ca-tor-ovpn-102.relays.mullvad.net,443
198.54.132.66,ca-tor-ovpn-102.relays.mullvad.net,80
104.193.135.132,ca-van-ovpn-201.relays.mullvad.net,443
104.193.135.132,ca-van-ovpn-201.relays.mullvad.net,80
104.193.135.164,ca-van-ovpn-202.relays.mullvad.net,443
104.193.135.164,ca-van-ovpn-202.relays.mullvad.net,80
193.32.127.81,ch-zrh-ovpn-001.relays.mullvad.net,443
193.32.127.81,ch-zrh-ovpn-001.relays.mullvad.net,80
193.32.127.82,ch-zrh-ovpn-002.relays.mullvad.net,443
193.32.127.82,ch-zrh-ovpn-002.relays.mullvad.net,80
193.32.127.83,ch-zrh-ovpn-003.relays.mullvad.net,443
193.32.127.83,ch-zrh-ovpn-003.relays.mullvad.net,80
46.19.140.194,ch-zrh-ovpn-201.relays.mullvad.net,443
46.19.140.194,ch-zrh-ovpn-201.relays.mullvad.net,80
81.17.16.66,ch-zrh-ovpn-202.relays.mullvad.net,443
81.17.16.66,ch-zrh-ovpn-202.relays.mullvad.net,80
146.70.134.130,ch-zrh-ovpn-501.relays.mullvad.net,443
146.70.134.130,ch-zrh-ovpn-501.relays.mullvad.net,80
146.70.134.162,ch-zrh-ovpn-502.relays.mullvad.net,443
146.70.134.162,ch-zrh-ovpn-502.relays.mullvad.net,80
146.70.129.162,cz-prg-ovpn-101.relays.mullvad.net,443
146.70.129.162,cz-prg-ovpn-101.relays.mullvad.net,80
146.70.129.194,cz-prg-ovpn-102.relays.mullvad.net,443
146.70.129.194,cz-prg-ovpn-102.relays.mullvad.net,80
193.32.248.72,de-ber-ovpn-001.relays.mullvad.net,443
193.32.248.72,de-ber-ovpn-001.relays.mullvad.net,80
193.32.248.73,de-ber-ovpn-002.relays.mullvad.net,443
193.32.248.73,de-ber-ovpn-002.relays.mullvad.net,80
185.213.155.66,de-fra-ovpn-001.relays.mullvad.net,443
185.213.155.66,de-fra-ovpn-001.relays.mullvad.net,80
185.213.155.67,de-fra-ovpn-002.relays.mullvad.net,443
185.213.155.67,de-fra-ovpn-002.relays.mullvad.net,80
185.213.155.68,de-fra-ovpn-003.relays.mullvad.net,443
185.213.155.68,de-fra-ovpn-003.relays.mullvad.net,80
185.213.155.69,de-fra-ovpn-004.relays.mullvad.net,443
185.213.155.69,de-fra-ovpn-004.relays.mullvad.net,80
146.70.117.66,de-fra-ovpn-101.relays.mullvad.net,443
146.70.117.66,de-fra-ovpn-101.relays.mullvad.net,80
146.70.117.98,de-fra-ovpn-102.relays.mullvad.net,443
146.70.117.98,de-fra-ovpn-102.relays.mullvad.net,80
141.98.254.71,dk-cph-ovpn-001.relays.mullvad.net,443
141.98.254.71,dk-cph-ovpn-001.relays.mullvad.net,80
45.129.56.81,dk-cph-ovpn-002.relays.mullvad.net,443
45.129.56.81,dk-cph-ovpn-002.relays.mullvad.net,80
146.70.197.66,dk-cph-ovpn-401.relays.mullvad.net,443
146.70.197.66,dk-cph-ovpn-401.relays.mullvad.net,80
146.70.197.2,dk-cph-ovpn-402.relays.mullvad.net,443
146.70.197.2,dk-cph-ovpn-402.relays.mullvad.net,80
146.70.128.162,es-mad-ovpn-201.relays.mullvad.net,443
146.70.128.162,es-mad-ovpn-201.relays.mullvad.net,80
146.70.74.98,es-mad-ovpn-202.relays.mullvad.net,443
146.70.74.98,es-mad-ovpn-202.relays.mullvad.net,80
185.204.1.171,fi-hel-ovpn-001.relays.mullvad.net,443
185.204.1.171,fi-hel-ovpn-001.relays.mullvad.net,80
185.204.1.172,fi-hel-ovpn-002.relays.mullvad.net,443
185.204.1.172,fi-hel-ovpn-002.relays.mullvad.net,80
185.204.1.173,fi-hel-ovpn-003.relays.mullvad.net,443
185.204.1.173,fi-hel-ovpn-003.relays.mullvad.net,80
185.204.1.174,fi-hel-ovpn-004.relays.mullvad.net,443
185.204.1.174,fi-hel-ovpn-004.relays.mullvad.net,80
185.204.1.175,fi-hel-ovpn-005.relays.mullvad.net,443
185.204.1.175,fi-hel-ovpn-005.relays.mullvad.net,80
185.204.1.176,fi-hel-ovpn-006.relays.mullvad.net,443
185.204.1.176,fi-hel-ovpn-006.relays.mullvad.net,80
185.212.149.201,fi-hel-ovpn-007.relays.mullvad.net,443
185.212.149.201,fi-hel-ovpn-007.relays.mullvad.net,80
193.138.7.217,fi-hel-ovpn-101.relays.mullvad.net,443
193.138.7.217,fi-hel-ovpn-101.relays.mullvad.net,80
193.138.7.237,fi-hel-ovpn-102.relays.mullvad.net,443
193.138.7.237,fi-hel-ovpn-102.relays.mullvad.net,80
193.32.126.81,fr-par-ovpn-001.relays.mullvad.net,443
193.32.126.81,fr-par-ovpn-001.relays.mullvad.net,80
193.32.126.82,fr-par-ovpn-002.relays.mullvad.net,443
193.32.126.82,fr-par-ovpn-002.relays.mullvad.net,80
146.70.184.130,fr-par-ovpn-101.relays.mullvad.net,443
146.70.184.130,fr-par-ovpn-101.relays.mullvad.net,80
146.70.184.194,fr-par-ovpn-102.relays.mullvad.net,443
146.70.184.194,fr-par-ovpn-102.relays.mullvad.net,80
141.98.252.131,gb-lon-ovpn-001.relays.mullvad.net,443
141.98.252.131,gb-lon-ovpn-001.relays.mullvad.net,80
141.98.252.132,gb-lon-ovpn-002.relays.mullvad.net,443
141.98.252.132,gb-lon-ovpn-002.relays.mullvad.net,80
141.98.252.133,gb-lon-ovpn-003.relays.mullvad.net,443
141.98.252.133,gb-lon-ovpn-003.relays.mullvad.net,80
146.70.119.98,gb-lon-ovpn-301.relays.mullvad.net,443
146.70.119.98,gb-lon-ovpn-301.relays.mullvad.net,80
146.70.119.130,gb-lon-ovpn-302.relays.mullvad.net,443
146.70.119.130,gb-lon-ovpn-302.relays.mullvad.net,80
146.70.132.2,gb-mnc-ovpn-001.relays.mullvad.net,443
146.70.132.2,gb-mnc-ovpn-001.relays.mullvad.net,80
146.70.132.34,gb-mnc-ovpn-002.relays.mullvad.net,443
146.70.132.34,gb-mnc-ovpn-002.relays.mullvad.net,80
146.70.132.66,gb-mnc-ovpn-003.relays.mullvad.net,443
146.70.132.66,gb-mnc-ovpn-003.relays.mullvad.net,80
149.102.246.28,gr-ath-ovpn-101.relays.mullvad.net,443
149.102.246.28,gr-ath-ovpn-101.relays.mullvad.net,80
149.102.246.41,gr-ath-ovpn-102.relays.mullvad.net,443
149.102.246.41,gr-ath-ovpn-102.relays.mullvad.net,80
103.125.233.33,hk-hkg-ovpn-201.relays.mullvad.net,443
103.125.233.33,hk-hkg-ovpn-201.relays.mullvad.net,80
103.125.233.48,hk-hkg-ovpn-202.relays.mullvad.net,443
103.125.233.48,hk-hkg-ovpn-202.relays.mullvad.net,80
146.70.224.130,hk-hkg-ovpn-301.relays.mullvad.net,443
146.70.224.130,hk-hkg-ovpn-301.relays.mullvad.net,80
146.70.224.196,hk-hkg-ovpn-302.relays.mullvad.net,443
146.70.224.196,hk-hkg-ovpn-302.relays.mullvad.net,80
146.70.196.66,hu-bud-ovpn-101.relays.mullvad.net,443
146.70.196.66,hu-bud-ovpn-101.relays.mullvad.net,80
146.70.196.2,hu-bud-ovpn-102.relays.mullvad.net,443
146.70.196.2,hu-bud-ovpn-102.relays.mullvad.net,80
146.70.189.130,ie-dub-ovpn-101.relays.mullvad.net,443
146.70.189.130,ie-dub-ovpn-101.relays.mullvad.net,80
146.70.189.194,ie-dub-ovpn-102.relays.mullvad.net,443
146.70.189.194,ie-dub-ovpn-102.relays.mullvad.net,80
146.70.225.130,it-mil-ovpn-201.relays.mullvad.net,443
146.70.225.130,it-mil-ovpn-201.relays.mullvad.net,80
146.70.225.194,it-mil-ovpn-202.relays.mullvad.net,443
146.70.225.194,it-mil-ovpn-202.relays.mullvad.net,80
146.70.201.130,jp-tyo-ovpn-201.relays.mullvad.net,443
146.70.201.130,jp-tyo-ovpn-201.relays.mullvad.net,80
146.70.201.194,jp-tyo-ovpn-202.relays.mullvad.net,443
146.70.201.194,jp-tyo-ovpn-202.relays.mullvad.net,80
185.65.134.71,nl-ams-ovpn-001.relays.mullvad.net,443
185.65.134.71,nl-ams-ovpn-001.relays.mullvad.net,80
185.65.134.72,nl-ams-ovpn-002.relays.mullvad.net,443
185.65.134.72,nl-ams-ovpn-002.relays.mullvad.net,80
185.65.134.73,nl-ams-ovpn-003.relays.mullvad.net,443
185.65.134.73,nl-ams-ovpn-003.relays.mullvad.net,80
185.65.134.74,nl-ams-ovpn-004.relays.mullvad.net,443
185.65.134.74,nl-ams-ovpn-004.relays.mullvad.net,80
185.65.134.75,nl-ams-ovpn-005.relays.mullvad.net,443
185.65.134.75,nl-ams-ovpn-005.relays.mullvad.net,80
91.90.44.11,no-osl-ovpn-001.relays.mullvad.net,443
91.90.44.11,no-osl-ovpn-001.relays.mullvad.net,80
91.90.44.12,no-osl-ovpn-002.relays.mullvad.net,443
91.90.44.12,no-osl-ovpn-002.relays.mullvad.net,80
91.90.44.13,no-osl-ovpn-003.relays.mullvad.net,443
91.90.44.13,no-osl-ovpn-003.relays.mullvad.net,80
194.127.199.114,no-svg-ovpn-001.relays.mullvad.net,443
194.127.199.114,no-svg-ovpn-001.relays.mullvad.net,80
194.127.199.145,no-svg-ovpn-002.relays.mullvad.net,443
194.127.199.145,no-svg-ovpn-002.relays.mullvad.net,80
103.75.11.82,nz-akl-ovpn-301.relays.mullvad.net,443
103.75.11.82,nz-akl-ovpn-301.relays.mullvad.net,80
103.75.11.98,nz-akl-ovpn-302.relays.mullvad.net,443
103.75.11.98,nz-akl-ovpn-302.relays.mullvad.net,80
146.70.144.66,pl-waw-ovpn-201.relays.mullvad.net,443
146.70.144.66,pl-waw-ovpn-201.relays.mullvad.net,80
146.70.144.98,pl-waw-ovpn-202.relays.mullvad.net,443
146.70.144.98,pl-waw-ovpn-202.relays.mullvad.net,80
146.70.124.162,ro-buh-ovpn-001.relays.mullvad.net,443
146.70.124.162,ro-buh-ovpn-001.relays.mullvad.net,80
37.120.246.130,ro-buh-ovpn-002.relays.mullvad.net,443
37.120.246.130,ro-buh-ovpn-002.relays.mullvad.net,80
146.70.193.194,rs-beg-ovpn-101.relays.mullvad.net,443
146.70.193.194,rs-beg-ovpn-101.relays.mullvad.net,80
146.70.193.130,rs-beg-ovpn-102.relays.mullvad.net,443
146.70.193.130,rs-beg-ovpn-102.relays.mullvad.net,80
185.213.154.131,se-got-ovpn-001.relays.mullvad.net,443
185.213.154.131,se-got-ovpn-001.relays.mullvad.net,80
185.213.154.132,se-got-ovpn-002.relays.mullvad.net,443
185.213.154.132,se-got-ovpn-002.relays.mullvad.net,80
185.213.154.133,se-got-ovpn-003.relays.mullvad.net,443
185.213.154.133,se-got-ovpn-003.relays.mullvad.net,80
193.138.218.131,se-mma-ovpn-001.relays.mullvad.net,443
193.138.218.131,se-mma-ovpn-001.relays.mullvad.net,80
193.138.218.132,se-mma-ovpn-002.relays.mullvad.net,443
193.138.218.132,se-mma-ovpn-002.relays.mullvad.net,80
141.98.255.83,se-mma-ovpn-013.relays.mullvad.net,443
141.98.255.83,se-mma-ovpn-013.relays.mullvad.net,80
141.98.255.84,se-mma-ovpn-014.relays.mullvad.net,443
141.98.255.84,se-mma-ovpn-014.relays.mullvad.net,80
141.98.255.85,se-mma-ovpn-015.relays.mullvad.net,443
141.98.255.85,se-mma-ovpn-015.relays.mullvad.net,80
141.98.255.86,se-mma-ovpn-016.relays.mullvad.net,443
141.98.255.86,se-mma-ovpn-016.relays.mullvad.net,80
141.98.255.87,se-mma-ovpn-017.relays.mullvad.net,443
141.98.255.87,se-mma-ovpn-017.relays.mullvad.net,80
141.98.255.88,se-mma-ovpn-018.relays.mullvad.net,443
141.98.255.88,se-mma-ovpn-018.relays.mullvad.net,80
141.98.255.89,se-mma-ovpn-019.relays.mullvad.net,443
141.98.255.89,se-mma-ovpn-019.relays.mullvad.net,80
141.98.255.90,se-mma-ovpn-020.relays.mullvad.net,443
141.98.255.90,se-mma-ovpn-020.relays.mullvad.net,80
141.98.255.91,se-mma-ovpn-021.relays.mullvad.net,443
141.98.255.91,se-mma-ovpn-021.relays.mullvad.net,80
141.98.255.92,se-mma-ovpn-022.relays.mullvad.net,443
141.98.255.92,se-mma-ovpn-022.relays.mullvad.net,80
141.98.255.93,se-mma-ovpn-023.relays.mullvad.net,443
141.98.255.93,se-mma-ovpn-023.relays.mullvad.net,80
45.83.220.92,se-mma-ovpn-102.relays.mullvad.net,443
45.83.220.92,se-mma-ovpn-102.relays.mullvad.net,80
185.65.135.80,se-sto-ovpn-001.relays.mullvad.net,443
185.65.135.80,se-sto-ovpn-001.relays.mullvad.net,80
185.65.135.81,se-sto-ovpn-002.relays.mullvad.net,443
185.65.135.81,se-sto-ovpn-002.relays.mullvad.net,80
185.65.135.82,se-sto-ovpn-003.relays.mullvad.net,443
185.65.135.82,se-sto-ovpn-003.relays.mullvad.net,80
185.65.135.83,se-sto-ovpn-004.relays.mullvad.net,443
185.65.135.83,se-sto-ovpn-004.relays.mullvad.net,80
146.70.199.66,sg-sin-ovpn-101.relays.mullvad.net,443
146.70.199.66,sg-sin-ovpn-101.relays.mullvad.net,80
146.70.199.2,sg-sin-ovpn-102.relays.mullvad.net,443
146.70.199.2,sg-sin-ovpn-102.relays.mullvad.net,80
45.134.140.156,us-atl-ovpn-001.relays.mullvad.net,443
45.134.140.156,us-atl-ovpn-001.relays.mullvad.net,80
45.134.140.169,us-atl-ovpn-002.relays.mullvad.net,443
45.134.140.169,us-atl-ovpn-002.relays.mullvad.net,80
146.70.211.194,us-dal-ovpn-001.relays.mullvad.net,443
146.70.211.194,us-dal-ovpn-001.relays.mullvad.net,80
146.70.177.66,us-dal-ovpn-002.relays.mullvad.net,443
146.70.177.66,us-dal-ovpn-002.relays.mullvad.net,80
198.44.129.162,us-lax-ovpn-101.relays.mullvad.net,443
198.44.129.162,us-lax-ovpn-101.relays.mullvad.net,80
198.44.129.130,us-lax-ovpn-102.relays.mullvad.net,443
198.44.129.130,us-lax-ovpn-102.relays.mullvad.net,80
169.150.203.41,us-lax-ovpn-201.relays.mullvad.net,443
169.150.203.41,us-lax-ovpn-201.relays.mullvad.net,80
169.150.203.54,us-lax-ovpn-202.relays.mullvad.net,443
169.150.203.54,us-lax-ovpn-202.relays.mullvad.net,80
146.70.187.194,us-mia-ovpn-101.relays.mullvad.net,443
146.70.187.194,us-mia-ovpn-101.relays.mullvad.net,80
146.70.183.66,us-mia-ovpn-102.relays.mullvad.net,443
146.70.183.66,us-mia-ovpn-102.relays.mullvad.net,80
146.70.168.2,us-nyc-ovpn-501.relays.mullvad.net,443
146.70.168.2,us-nyc-ovpn-501.relays.mullvad.net,80
146.70.166.2,us-nyc-ovpn-502.relays.mullvad.net,443
146.70.166.2,us-nyc-ovpn-502.relays.mullvad.net,80
146.70.166.66,us-nyc-ovpn-503.relays.mullvad.net,443
146.70.166.66,us-nyc-ovpn-503.relays.mullvad.net,80
146.70.171.194,us-nyc-ovpn-601.relays.mullvad.net,443
146.70.171.194,us-nyc-ovpn-601.relays.mullvad.net,80
146.70.185.130,us-nyc-ovpn-602.relays.mullvad.net,443
146.70.185.130,us-nyc-ovpn-602.relays.mullvad.net,80
146.70.185.66,us-nyc-ovpn-603.relays.mullvad.net,443
146.70.185.66,us-nyc-ovpn-603.relays.mullvad.net,80
198.54.133.34,us-phx-ovpn-101.relays.mullvad.net,443
198.54.133.34,us-phx-ovpn-101.relays.mullvad.net,80
198.54.133.66,us-phx-ovpn-102.relays.mullvad.net,443
198.54.133.66,us-phx-ovpn-102.relays.mullvad.net,80
198.54.135.162,us-qas-ovpn-001.relays.mullvad.net,443
198.54.135.162,us-qas-ovpn-001.relays.mullvad.net,80
198.54.135.194,us-qas-ovpn-002.relays.mullvad.net,443
198.54.135.194,us-qas-ovpn-002.relays.mullvad.net,80
185.156.46.169,us-qas-ovpn-101.relays.mullvad.net,443
185.156.46.169,us-qas-ovpn-101.relays.mullvad.net,80
185.156.46.182,us-qas-ovpn-102.relays.mullvad.net,443
185.156.46.182,us-qas-ovpn-102.relays.mullvad.net,80
198.54.131.34,us-sea-ovpn-101.relays.mullvad.net,443
198.54.131.34,us-sea-ovpn-101.relays.mullvad.net,80
198.54.131.66,us-sea-ovpn-102.relays.mullvad.net,443
198.54.131.66,us-sea-ovpn-102.relays.mullvad.net,80
198.54.134.34,us-sjc-ovpn-001.relays.mullvad.net,443
198.54.134.34,us-sjc-ovpn-001.relays.mullvad.net,80
198.54.134.66,us-sjc-ovpn-002.relays.mullvad.net,443
198.54.134.66,us-sjc-ovpn-002.relays.mullvad.net,80
69.4.234.150,us-slc-ovpn-201.relays.mullvad.net,443
69.4.234.150,us-slc-ovpn-201.relays.mullvad.net,80
69.4.234.151,us-slc-ovpn-202.relays.mullvad.net,443
69.4.234.151,us-slc-ovpn-202.relays.mullvad.net,80
31.171.153.66,al-tia-wg-001.relays.mullvad.net,51820
2a04:27c0:0:3::f001,al-tia-wg-001.relays.mullvad.net,51820
31.171.154.50,al-tia-wg-002.relays.mullvad.net,51820
2a04:27c0:0:4::f001,al-tia-wg-002.relays.mullvad.net,51820
103.204.123.130,al-tia-wg-003.relays.mullvad.net,51820
2a04:27c0:0:c::f001,al-tia-wg-003.relays.mullvad.net,51820
103.204.123.191,al-tia-wg-004.relays.mullvad.net,51820
2a04:27c0:0:d::f001,al-tia-wg-004.relays.mullvad.net,51820
146.70.116.98,at-vie-wg-001.relays.mullvad.net,51820
2001:ac8:29:84::a01f,at-vie-wg-001.relays.mullvad.net,51820
146.70.116.130,at-vie-wg-002.relays.mullvad.net,51820
2001:ac8:29:85::a02f,at-vie-wg-002.relays.mullvad.net,51820
146.70.116.162,at-vie-wg-003.relays.mullvad.net,51820
2001:ac8:29:86::a03f,at-vie-wg-003.relays.mullvad.net,51820
185.24.11.130,at-vie-wg-101.relays.mullvad.net,51820
2a02:6ea0:cb1b:1::f001,at-vie-wg-101.relays.mullvad.net,51820
185.24.11.159,at-vie-wg-102.relays.mullvad.net,51820
2a02:6ea0:cb1b:2::f001,at-vie-wg-102.relays.mullvad.net,51820
103.214.20.50,au-adl-wg-301.relays.mullvad.net,51820
2404:f780:0:deb::c1f,au-adl-wg-301.relays.mullvad.net,51820
103.214.20.130,au-adl-wg-302.relays.mullvad.net,51820
2404:f780:0:dec::c2f,au-adl-wg-302.relays.mullvad.net,51820
103.216.220.18,au-bne-wg-301.relays.mullvad.net,51820
2404:f780:4:deb::f001,au-bne-wg-301.relays.mullvad.net,51820
103.216.220.34,au-bne-wg-302.relays.mullvad.net,51820
2404:f780:4:dec::a02f,au-bne-wg-302.relays.mullvad.net,51820
103.108.229.50,au-mel-wg-301.relays.mullvad.net,51820
2406:d501:f:deb::a01f,au-mel-wg-301.relays.mullvad.net,51820
103.108.229.66,au-mel-wg-302.relays.mullvad.net,51820
2406:d501:f:dec::a02f,au-mel-wg-302.relays.mullvad.net,51820
103.108.231.50,au-per-wg-301.relays.mullvad.net,51820
2404:f780:8:deb::a01f,au-per-wg-301.relays.mullvad.net,51820
103.108.231.66,au-per-wg-302.relays.mullvad.net,51820
2404:f780:8:dec::f001,au-per-wg-302.relays.mullvad.net,51820
146.70.200.2,au-syd-wg-001.relays.mullvad.net,51820
2001:ac8:84:5::f001,au-syd-wg-001.relays.mullvad.net,51820
146.70.141.194,au-syd-wg-002.relays.mullvad.net,51820
2001:ac8:84:6::2f,au-syd-wg-002.relays.mullvad.net,51820
146.70.200.194,au-syd-wg-003.relays.mullvad.net,51820
2001:ac8:84:4::3f,au-syd-wg-003.relays.mullvad.net,51820
103.136.147.3,au-syd-wg-101.relays.mullvad.net,51820
2a11:3:500::f001,au-syd-wg-101.relays.mullvad.net,51820
103.136.147.65,au-syd-wg-102.relays.mullvad.net,51820
2a11:3:500::f101,au-syd-wg-102.relays.mullvad.net,51820
103.136.147.129,au-syd-wg-103.relays.mullvad.net,51820
2a11:3:500::f201,au-syd-wg-103.relays.mullvad.net,51820
103.136.147.197,au-syd-wg-104.relays.mullvad.net,51820
2a11:3:500::f301,au-syd-wg-104.relays.mullvad.net,51820
103.120.6.2,au-syd-wg-301.relays.mullvad.net,51820
2a06:3040:18:210::f001,au-syd-wg-301.relays.mullvad.net,51820
103.120.6.127,au-syd-wg-302.relays.mullvad.net,51820
2a06:3040:18:210::f101,au-syd-wg-302.relays.mullvad.net,51820
103.141.60.2,au-syd-wg-303.relays.mullvad.net,51820
2a06:3040:18:210::f201,au-syd-wg-303.relays.mullvad.net,51820
103.141.60.127,au-syd-wg-304.relays.mullvad.net,51820
2a06:3040:18:210::f301,au-syd-wg-304.relays.mullvad.net,51820
91.90.123.2,be-bru-wg-101.relays.mullvad.net,51820
2001:ac8:27:88::a01f,be-bru-wg-101.relays.mullvad.net,51820
194.110.115.34,be-bru-wg-102.relays.mullvad.net,51820
2001:ac8:27:89::a02f,be-bru-wg-102.relays.mullvad.net,51820
194.110.115.2,be-bru-wg-103.relays.mullvad.net,51820
2001:ac8:27:92::a03f,be-bru-wg-103.relays.mullvad.net,51820
146.70.188.130,bg-sof-wg-001.relays.mullvad.net,51820
2001:ac8:30:56::f001,bg-sof-wg-001.relays.mullvad.net,51820
146.70.188.194,bg-sof-wg-002.relays.mullvad.net,51820
2001:ac8:30:57::f001,bg-sof-wg-002.relays.mullvad.net,51820
98.98.12.178,br-for-wg-001.relays.mullvad.net,51820
2604:980:e007:100::f001,br-for-wg-001.relays.mullvad.net,51820
98.98.12.182,br-for-wg-002.relays.mullvad.net,51820
2604:980:e007:100::f101,br-for-wg-002.relays.mullvad.net,51820
149.78.184.194,br-sao-wg-001.relays.mullvad.net,51820
2804:5364:7000:40::f001,br-sao-wg-001.relays.mullvad.net,51820
169.150.198.66,br-sao-wg-201.relays.mullvad.net,51820
2a02:6ea0:d00e:1::a01f,br-sao-wg-201.relays.mullvad.net,51820
169.150.198.79,br-sao-wg-202.relays.mullvad.net,51820
2a02:6ea0:d00e:2::a02f,br-sao-wg-202.relays.mullvad.net,51820
103.139.178.63,br-sao-wg-302.relays.mullvad.net,51820
2a06:3040:10:610::f101,br-sao-wg-302.relays.mullvad.net,51820
103.139.178.123,br-sao-wg-303.relays.mullvad.net,51820
2a06:3040:10:610::f201,br-sao-wg-303.relays.mullvad.net,51820
103.139.178.183,br-sao-wg-304.relays.mullvad.net,51820
2a06:3040:10:610::f301,br-sao-wg-304.relays.mullvad.net,51820
146.70.198.66,ca-mtr-wg-001.relays.mullvad.net,51820
2a0d:5600:9:c::f001,ca-mtr-wg-001.relays.mullvad.net,51820
146.70.198.130,ca-mtr-wg-002.relays.mullvad.net,51820
2a0d:5600:9:d::f001,ca-mtr-wg-002.relays.mullvad.net,51820
146.70.198.194,ca-mtr-wg-003.relays.mullvad.net,51820
2a0d:5600:9:e::a02f,ca-mtr-wg-003.relays.mullvad.net,51820
188.241.176.194,ca-mtr-wg-004.relays.mullvad.net,51820
2a0d:5600:9:16::f001,ca-mtr-wg-004.relays.mullvad.net,51820
62.93.167.130,ca-mtr-wg-201.relays.mullvad.net,51820
2a02:6ea0:a03:2::f001,ca-mtr-wg-201.relays.mullvad.net,51820
62.93.167.160,ca-mtr-wg-202.relays.mullvad.net,51820
2a02:6ea0:a03::f001,ca-mtr-wg-202.relays.mullvad.net,51820
178.249.214.2,ca-tor-wg-001.relays.mullvad.net,51820
2a02:6ea0:de08:1::f001,ca-tor-wg-001.relays.mullvad.net,51820
178.249.214.15,ca-tor-wg-002.relays.mullvad.net,51820
2a02:6ea0:de08:2::a29f,ca-tor-wg-002.relays.mullvad.net,51820
198.44.140.130,ca-tor-wg-101.relays.mullvad.net,51820
2607:9000:6000:18::a01f,ca-tor-wg-101.relays.mullvad.net,51820
198.54.132.98,ca-tor-wg-102.relays.mullvad.net,51820
2607:9000:6000:14::a02f,ca-tor-wg-102.relays.mullvad.net,51820
198.54.132.226,ca-tor-wg-103.relays.mullvad.net,51820
2607:9000:6000:17::a03f,ca-tor-wg-103.relays.mullvad.net,51820
198.54.132.130,ca-tor-wg-104.relays.mullvad.net,51820
2607:9000:6000:15::a04f,ca-tor-wg-104.relays.mullvad.net,51820
198.44.140.162,ca-tor-wg-105.relays.mullvad.net,51820
2607:9000:6000:19::a05f,ca-tor-wg-105.relays.mullvad.net,51820
198.54.132.162,ca-tor-wg-106.relays.mullvad.net,51820
2607:9000:6000:16::a26f,ca-tor-wg-106.relays.mullvad.net,51820
198.44.140.194,ca-tor-wg-107.relays.mullvad.net,51820
2607:9000:6000:20::a07f,ca-tor-wg-107.relays.mullvad.net,51820
23.234.84.2,ca-tor-wg-201.relays.mullvad.net,51820
2607:9000:600:31::f001,ca-tor-wg-201.relays.mullvad.net,51820
23.234.84.127,ca-tor-wg-202.relays.mullvad.net,51820
2607:9000:600:32::f001,ca-tor-wg-202.relays.mullvad.net,51820
23.234.85.2,ca-tor-wg-203.relays.mullvad.net,51820
2607:9000:600:33::f001,ca-tor-wg-203.relays.mullvad.net,51820
23.234.85.127,ca-tor-wg-204.relays.mullvad.net,51820
2607:9000:600:34::f001,ca-tor-wg-204.relays.mullvad.net,51820
23.234.86.2,ca-tor-wg-205.relays.mullvad.net,51820
2607:9000:600:35::f001,ca-tor-wg-205.relays.mullvad.net,51820
23.234.86.127,ca-tor-wg-206.relays.mullvad.net,51820
2607:9000:600:36::f001,ca-tor-wg-206.relays.mullvad.net,51820
23.234.87.2,ca-tor-wg-207.relays.mullvad.net,51820
2607:9000:600:37::f001,ca-tor-wg-207.relays.mullvad.net,51820
104.193.135.196,ca-van-wg-201.relays.mullvad.net,51820
2606:9580:103:e::f001,ca-van-wg-201.relays.mullvad.net,51820
104.193.135.100,ca-van-wg-202.relays.mullvad.net,51820
2606:9580:103:f::f001,ca-van-wg-202.relays.mullvad.net,51820
149.22.81.194,ca-van-wg-301.relays.mullvad.net,51820
2a02:6ea0:5100:1::f001,ca-van-wg-301.relays.mullvad.net,51820
149.22.81.207,ca-van-wg-302.relays.mullvad.net,51820
2a02:6ea0:5100:2::f001,ca-van-wg-302.relays.mullvad.net,51820
38.240.225.36,ca-yyc-wg-201.relays.mullvad.net,51820
2606:9580:438:32::b01f,ca-yyc-wg-201.relays.mullvad.net,51820
38.240.225.68,ca-yyc-wg-202.relays.mullvad.net,51820
2606:9580:438:64::b02f,ca-yyc-wg-202.relays.mullvad.net,51820
193.32.127.66,ch-zrh-wg-001.relays.mullvad.net,51820
2a03:1b20:a:f011::f001,ch-zrh-wg-001.relays.mullvad.net,51820
193.32.127.67,ch-zrh-wg-002.relays.mullvad.net,51820
2a03:1b20:a:f011::f101,ch-zrh-wg-002.relays.mullvad.net,51820
193.32.127.68,ch-zrh-wg-003.relays.mullvad.net,51820
2a03:1b20:a:f011::f201,ch-zrh-wg-003.relays.mullvad.net,51820
193.32.127.69,ch-zrh-wg-004.relays.mullvad.net,51820
2a03:1b20:a:f011::f301,ch-zrh-wg-004.relays.mullvad.net,51820
193.32.127.70,ch-zrh-wg-005.relays.mullvad.net,51820
2a03:1b20:a:f011::f401,ch-zrh-wg-005.relays.mullvad.net,51820
193.32.127.84,ch-zrh-wg-006.relays.mullvad.net,51820
2a03:1b20:a:f011::f601,ch-zrh-wg-006.relays.mullvad.net,51820
179.43.189.66,ch-zrh-wg-201.relays.mullvad.net,51820
2a02:29b8:dc01:1832::a1f,ch-zrh-wg-201.relays.mullvad.net,51820
46.19.136.226,ch-zrh-wg-202.relays.mullvad.net,51820
2a02:29b8:dc01:1831::f002,ch-zrh-wg-202.relays.mullvad.net,51820
138.199.6.194,ch-zrh-wg-401.relays.mullvad.net,51820
2a02:6ea0:d406:1::a18f,ch-zrh-wg-401.relays.mullvad.net,51820
138.199.6.207,ch-zrh-wg-402.relays.mullvad.net,51820
2a02:6ea0:d406:2::a19f,ch-zrh-wg-402.relays.mullvad.net,51820
138.199.6.220,ch-zrh-wg-403.relays.mullvad.net,51820
2a02:6ea0:d406:3::a20f,ch-zrh-wg-403.relays.mullvad.net,51820
138.199.6.233,ch-zrh-wg-404.relays.mullvad.net,51820
2a02:6ea0:d406:4::a21f,ch-zrh-wg-404.relays.mullvad.net,51820
146.70.134.98,ch-zrh-wg-501.relays.mullvad.net,51820
2001:ac8:28:a7::a36f,ch-zrh-wg-501.relays.mullvad.net,51820
146.70.126.162,ch-zrh-wg-502.relays.mullvad.net,51820
2001:ac8:28:a1::f001,ch-zrh-wg-502.relays.mullvad.net,51820
146.70.126.194,ch-zrh-wg-503.relays.mullvad.net,51820
2001:ac8:28:a2::f001,ch-zrh-wg-503.relays.mullvad.net,51820
146.70.126.226,ch-zrh-wg-504.relays.mullvad.net,51820
2001:ac8:28:a3::f001,ch-zrh-wg-504.relays.mullvad.net,51820
146.70.134.2,ch-zrh-wg-505.relays.mullvad.net,51820
2001:ac8:28:a4::a33f,ch-zrh-wg-505.relays.mullvad.net,51820
146.70.134.34,ch-zrh-wg-506.relays.mullvad.net,51820
2001:ac8:28:a5::a34f,ch-zrh-wg-506.relays.mullvad.net,51820
146.70.134.66,ch-zrh-wg-507.relays.mullvad.net,51820
2001:ac8:28:a6::a35f,ch-zrh-wg-507.relays.mullvad.net,51820
149.88.104.2,cl-scl-wg-001.relays.mullvad.net,51820
2a02:6ea0:fc02:2::f001,cl-scl-wg-001.relays.mullvad.net,51820
149.88.104.15,cl-scl-wg-002.relays.mullvad.net,51820
2a02:6ea0:fc02:3::f101,cl-scl-wg-002.relays.mullvad.net,51820
154.47.16.34,co-bog-wg-001.relays.mullvad.net,51820
2a02:6ea0:f101:1::f001,co-bog-wg-001.relays.mullvad.net,51820
154.47.16.47,co-bog-wg-002.relays.mullvad.net,51820
2a02:6ea0:f101:2::f001,co-bog-wg-002.relays.mullvad.net,51820
195.47.194.131,cy-nic-wg-001.relays.mullvad.net,51820
2a06:3040:f:601::f001,cy-nic-wg-001.relays.mullvad.net,51820
195.47.194.161,cy-nic-wg-002.relays.mullvad.net,51820
2a06:3040:f:601::f101,cy-nic-wg-002.relays.mullvad.net,51820
146.70.129.98,cz-prg-wg-101.relays.mullvad.net,51820
2001:ac8:33:c::a01f,cz-prg-wg-101.relays.mullvad.net,51820
146.70.129.130,cz-prg-wg-102.relays.mullvad.net,51820
2001:ac8:33:d::a02f,cz-prg-wg-102.relays.mullvad.net,51820
178.249.209.162,cz-prg-wg-201.relays.mullvad.net,51820
2a02:6ea0:c201:1::f001,cz-prg-wg-201.relays.mullvad.net,51820
178.249.209.175,cz-prg-wg-202.relays.mullvad.net,51820
2a02:6ea0:c201:1::f101,cz-prg-wg-202.relays.mullvad.net,51820
193.32.248.66,de-ber-wg-001.relays.mullvad.net,51820
2a03:1b20:b:f011::a01f,de-ber-wg-001.relays.mullvad.net,51820
193.32.248.67,de-ber-wg-002.relays.mullvad.net,51820
2a03:1b20:b:f011::a02f,de-ber-wg-002.relays.mullvad.net,51820
193.32.248.68,de-ber-wg-003.relays.mullvad.net,51820
2a03:1b20:b:f011::a03f,de-ber-wg-003.relays.mullvad.net,51820
193.32.248.69,de-ber-wg-004.relays.mullvad.net,51820
2a03:1b20:b:f011::a04f,de-ber-wg-004.relays.mullvad.net,51820
193.32.248.70,de-ber-wg-005.relays.mullvad.net,51820
2a03:1b20:b:f011::a05f,de-ber-wg-005.relays.mullvad.net,51820
193.32.248.71,de-ber-wg-006.relays.mullvad.net,51820
2a03:1b20:b:f011::a06f,de-ber-wg-006.relays.mullvad.net,51820
193.32.248.75,de-ber-wg-007.relays.mullvad.net,51820
2a03:1b20:b:f011::f701,de-ber-wg-007.relays.mullvad.net,51820
193.32.248.74,de-ber-wg-008.relays.mullvad.net,51820
2a03:1b20:b:f011::f801,de-ber-wg-008.relays.mullvad.net,51820
185.254.75.3,de-dus-wg-001.relays.mullvad.net,51820
2a03:d9c0:3000::a20f,de-dus-wg-001.relays.mullvad.net,51820
185.254.75.4,de-dus-wg-002.relays.mullvad.net,51820
2a03:d9c0:3000::a21f,de-dus-wg-002.relays.mullvad.net,51820
185.254.75.5,de-dus-wg-003.relays.mullvad.net,51820
2a03:d9c0:3000::a22f,de-dus-wg-003.relays.mullvad.net,51820
185.213.155.73,de-fra-wg-001.relays.mullvad.net,51820
2a03:1b20:6:f011::f001,de-fra-wg-001.relays.mullvad.net,51820
185.213.155.74,de-fra-wg-002.relays.mullvad.net,51820
2a03:1b20:6:f011::f101,de-fra-wg-002.relays.mullvad.net,51820
185.209.196.73,de-fra-wg-003.relays.mullvad.net,51820
2a03:1b20:6:f011::f201,de-fra-wg-003.relays.mullvad.net,51820
185.209.196.74,de-fra-wg-004.relays.mullvad.net,51820
2a03:1b20:6:f011::f301,de-fra-wg-004.relays.mullvad.net,51820
185.209.196.75,de-fra-wg-005.relays.mullvad.net,51820
2a03:1b20:6:f011::f401,de-fra-wg-005.relays.mullvad.net,51820
185.209.196.76,de-fra-wg-006.relays.mullvad.net,51820
2a03:1b20:6:f011::f501,de-fra-wg-006.relays.mullvad.net,51820
185.209.196.77,de-fra-wg-007.relays.mullvad.net,51820
2a03:1b20:6:f011::f601,de-fra-wg-007.relays.mullvad.net,51820
185.209.196.78,de-fra-wg-008.relays.mullvad.net,51820
2a03:1b20:6:f011::f701,de-fra-wg-008.relays.mullvad.net,51820
185.213.155.72,de-fra-wg-009.relays.mullvad.net,51820
2a03:1b20:6:f011::f901,de-fra-wg-009.relays.mullvad.net,51820
146.70.117.162,de-fra-wg-101.relays.mullvad.net,51820
2001:ac8:20:274::a99f,de-fra-wg-101.relays.mullvad.net,51820
146.70.117.194,de-fra-wg-102.relays.mullvad.net,51820
2001:ac8:20:275::f001,de-fra-wg-102.relays.mullvad.net,51820
146.70.117.226,de-fra-wg-103.relays.mullvad.net,51820
2001:ac8:20:276::f001,de-fra-wg-103.relays.mullvad.net,51820
146.70.107.194,de-fra-wg-104.relays.mullvad.net,51820
2001:ac8:20:277::f001,de-fra-wg-104.relays.mullvad.net,51820
146.70.117.2,de-fra-wg-105.relays.mullvad.net,51820
2001:ac8:20:269::f001,de-fra-wg-105.relays.mullvad.net,51820
146.70.117.34,de-fra-wg-106.relays.mullvad.net,51820
2001:ac8:20:270::f001,de-fra-wg-106.relays.mullvad.net,51820
194.36.25.3,de-fra-wg-301.relays.mullvad.net,51820
2a07:fe00:1::a23f,de-fra-wg-301.relays.mullvad.net,51820
194.36.25.18,de-fra-wg-302.relays.mullvad.net,51820
2a07:fe00:1::a24f,de-fra-wg-302.relays.mullvad.net,51820
194.36.25.33,de-fra-wg-303.relays.mullvad.net,51820
2a07:fe00:1::a25f,de-fra-wg-303.relays.mullvad.net,51820
194.36.25.48,de-fra-wg-304.relays.mullvad.net,51820
2a07:fe00:1::a26f,de-fra-wg-304.relays.mullvad.net,51820
169.150.201.2,de-fra-wg-401.relays.mullvad.net,51820
2a02:6ea0:c762:1::a35f,de-fra-wg-401.relays.mullvad.net,51820
169.150.201.15,de-fra-wg-402.relays.mullvad.net,51820
2a02:6ea0:c762:2::a36f,de-fra-wg-402.relays.mullvad.net,51820
169.150.201.28,de-fra-wg-403.relays.mullvad.net,51820
2a02:6ea0:c762:3::a37f,de-fra-wg-403.relays.mullvad.net,51820
45.129.56.67,dk-cph-wg-001.relays.mullvad.net,51820
2a03:1b20:8:f011::f001,dk-cph-wg-001.relays.mullvad.net,51820
45.129.56.68,dk-cph-wg-002.relays.mullvad.net,51820
2a03:1b20:8:f011::f101,dk-cph-wg-002.relays.mullvad.net,51820
146.70.197.194,dk-cph-wg-401.relays.mullvad.net,51820
2001:ac8:37:97::f001,dk-cph-wg-401.relays.mullvad.net,51820
146.70.197.130,dk-cph-wg-402.relays.mullvad.net,51820
2001:ac8:37:96::f001,dk-cph-wg-402.relays.mullvad.net,51820
194.127.167.67,ee-tll-wg-001.relays.mullvad.net,51820
2a07:d880:2::a01f,ee-tll-wg-001.relays.mullvad.net,51820
194.127.167.87,ee-tll-wg-002.relays.mullvad.net,51820
2a07:d880:2::a02f,ee-tll-wg-002.relays.mullvad.net,51820
194.127.167.107,ee-tll-wg-003.relays.mullvad.net,51820
2a07:d880:2::a03f,ee-tll-wg-003.relays.mullvad.net,51820
185.188.61.195,es-bcn-wg-001.relays.mullvad.net,51820
2a06:3040:2:210::f001,es-bcn-wg-001.relays.mullvad.net,51820
185.188.61.225,es-bcn-wg-002.relays.mullvad.net,51820
2a06:3040:2:210::f101,es-bcn-wg-002.relays.mullvad.net,51820
185.253.99.30,es-bcn-wg-101.relays.mullvad.net,51820
2001:ac8:17:20::f001,es-bcn-wg-101.relays.mullvad.net,51820
185.253.99.98,es-bcn-wg-102.relays.mullvad.net,51820
2001:ac8:17:20::f101,es-bcn-wg-102.relays.mullvad.net,51820
45.134.213.194,es-mad-wg-101.relays.mullvad.net,51820
2a02:6ea0:c318:1::a06f,es-mad-wg-101.relays.mullvad.net,51820
45.134.213.207,es-mad-wg-102.relays.mullvad.net,51820
2a02:6ea0:c318:2::a07f,es-mad-wg-102.relays.mullvad.net,51820
146.70.128.194,es-mad-wg-201.relays.mullvad.net,51820
2001:ac8:23:85::a01f,es-mad-wg-201.relays.mullvad.net,51820
146.70.128.226,es-mad-wg-202.relays.mullvad.net,51820
2001:ac8:23:86::a02f,es-mad-wg-202.relays.mullvad.net,51820
193.19.207.195,es-vlc-wg-001.relays.mullvad.net,51820
2a06:3040:3:210::f001,es-vlc-wg-001.relays.mullvad.net,51820
193.19.207.225,es-vlc-wg-002.relays.mullvad.net,51820
2a06:3040:3:210::f101,es-vlc-wg-002.relays.mullvad.net,51820
185.204.1.203,fi-hel-wg-001.relays.mullvad.net,51820
2a0c:f040:0:2790::a01f,fi-hel-wg-001.relays.mullvad.net,51820
185.204.1.211,fi-hel-wg-002.relays.mullvad.net,51820
2a0c:f040:0:2790::a02f,fi-hel-wg-002.relays.mullvad.net,51820
185.204.1.219,fi-hel-wg-003.relays.mullvad.net,51820
2a0c:f040:0:2790::a03f,fi-hel-wg-003.relays.mullvad.net,51820
193.138.7.137,fi-hel-wg-101.relays.mullvad.net,51820
2a02:ed04:3581:1::f001,fi-hel-wg-101.relays.mullvad.net,51820
193.138.7.157,fi-hel-wg-102.relays.mullvad.net,51820
2a02:ed04:3581:2::f001,fi-hel-wg-102.relays.mullvad.net,51820
193.138.7.177,fi-hel-wg-103.relays.mullvad.net,51820
2a02:ed04:3581:3::f001,fi-hel-wg-103.relays.mullvad.net,51820
193.138.7.197,fi-hel-wg-104.relays.mullvad.net,51820
2a02:ed04:3581:4::f001,fi-hel-wg-104.relays.mullvad.net,51820
45.134.79.67,fr-bod-wg-001.relays.mullvad.net,51820
2a06:3040:4:610::f001,fr-bod-wg-001.relays.mullvad.net,51820
45.134.79.97,fr-bod-wg-002.relays.mullvad.net,51820
2a06:3040:4:610::f101,fr-bod-wg-002.relays.mullvad.net,51820
138.199.15.162,fr-mrs-wg-001.relays.mullvad.net,51820
2a02:6ea0:dc05::a15f,fr-mrs-wg-001.relays.mullvad.net,51820
138.199.15.146,fr-mrs-wg-002.relays.mullvad.net,51820
2a02:6ea0:dc06::a16f,fr-mrs-wg-002.relays.mullvad.net,51820
193.32.126.66,fr-par-wg-001.relays.mullvad.net,51820
2a03:1b20:9:f011::a01f,fr-par-wg-001.relays.mullvad.net,51820
193.32.126.67,fr-par-wg-002.relays.mullvad.net,51820
2a03:1b20:9:f011::f101,fr-par-wg-002.relays.mullvad.net,51820
193.32.126.68,fr-par-wg-003.relays.mullvad.net,51820
2a03:1b20:9:f011::f201,fr-par-wg-003.relays.mullvad.net,51820
193.32.126.69,fr-par-wg-004.relays.mullvad.net,51820
2a03:1b20:9:f011::f301,fr-par-wg-004.relays.mullvad.net,51820
193.32.126.70,fr-par-wg-005.relays.mullvad.net,51820
2a03:1b20:9:f011::f401,fr-par-wg-005.relays.mullvad.net,51820
193.32.126.84,fr-par-wg-006.relays.mullvad.net,51820
2a03:1b20:9:f011::f001,fr-par-wg-006.relays.mullvad.net,51820
193.32.126.83,fr-par-wg-007.relays.mullvad.net,51820
2a03:1b20:9:f011::3f,fr-par-wg-007.relays.mullvad.net,51820
146.70.184.2,fr-par-wg-101.relays.mullvad.net,51820
2001:ac8:25:3a::f001,fr-par-wg-101.relays.mullvad.net,51820
146.70.184.66,fr-par-wg-102.relays.mullvad.net,51820
2001:ac8:25:3b::f001,fr-par-wg-102.relays.mullvad.net,51820
95.173.222.2,fr-par-wg-301.relays.mullvad.net,51820
2a02:6ea0:1901:2::f001,fr-par-wg-301.relays.mullvad.net,51820
95.173.222.31,fr-par-wg-302.relays.mullvad.net,51820
2a02:6ea0:1901:3::f001,fr-par-wg-302.relays.mullvad.net,51820
185.201.188.3,gb-glw-wg-001.relays.mullvad.net,51820
2a06:3040:d:410::f001,gb-glw-wg-001.relays.mullvad.net,51820
185.201.188.33,gb-glw-wg-002.relays.mullvad.net,51820
2a06:3040:d:410::f101,gb-glw-wg-002.relays.mullvad.net,51820
141.98.252.130,gb-lon-wg-001.relays.mullvad.net,51820
2a03:1b20:7:f011::a01f,gb-lon-wg-001.relays.mullvad.net,51820
141.98.252.222,gb-lon-wg-002.relays.mullvad.net,51820
2a03:1b20:7:f011::a02f,gb-lon-wg-002.relays.mullvad.net,51820
185.195.232.66,gb-lon-wg-003.relays.mullvad.net,51820
2a03:1b20:7:f011::a11f,gb-lon-wg-003.relays.mullvad.net,51820
185.195.232.67,gb-lon-wg-004.relays.mullvad.net,51820
2a03:1b20:7:f011::a12f,gb-lon-wg-004.relays.mullvad.net,51820
185.195.232.68,gb-lon-wg-005.relays.mullvad.net,51820
2a03:1b20:7:f011::a13f,gb-lon-wg-005.relays.mullvad.net,51820
185.195.232.69,gb-lon-wg-006.relays.mullvad.net,51820
2a03:1b20:7:f011::a14f,gb-lon-wg-006.relays.mullvad.net,51820
185.195.232.70,gb-lon-wg-007.relays.mullvad.net,51820
2a03:1b20:7:f011::a15f,gb-lon-wg-007.relays.mullvad.net,51820
141.98.252.138,gb-lon-wg-008.relays.mullvad.net,51820
2a03:1b20:7:f011::f801,gb-lon-wg-008.relays.mullvad.net,51820
185.248.85.3,gb-lon-wg-201.relays.mullvad.net,51820
2a0b:89c1:3::a33f,gb-lon-wg-201.relays.mullvad.net,51820
185.248.85.18,gb-lon-wg-202.relays.mullvad.net,51820
2a0b:89c1:3::a34f,gb-lon-wg-202.relays.mullvad.net,51820
185.248.85.33,gb-lon-wg-203.relays.mullvad.net,51820
2a0b:89c1:3::a35f,gb-lon-wg-203.relays.mullvad.net,51820
185.248.85.48,gb-lon-wg-204.relays.mullvad.net,51820
2a0b:89c1:3::a36f,gb-lon-wg-204.relays.mullvad.net,51820
146.70.119.66,gb-lon-wg-301.relays.mullvad.net,51820
2001:ac8:31:f007::a39f,gb-lon-wg-301.relays.mullvad.net,51820
146.70.119.2,gb-lon-wg-302.relays.mullvad.net,51820
2001:ac8:31:f005::a37f,gb-lon-wg-302.relays.mullvad.net,51820
146.70.119.162,gb-lon-wg-304.relays.mullvad.net,51820
2001:ac8:31:f00a::f001,gb-lon-wg-304.relays.mullvad.net,51820
146.70.132.130,gb-mnc-wg-002.relays.mullvad.net,51820
2001:ac8:8b:26::f001,gb-mnc-wg-002.relays.mullvad.net,51820
146.70.132.162,gb-mnc-wg-003.relays.mullvad.net,51820
2001:ac8:8b:27::f001,gb-mnc-wg-003.relays.mullvad.net,51820
146.70.132.194,gb-mnc-wg-004.relays.mullvad.net,51820
2001:ac8:8b:28::f001,gb-mnc-wg-004.relays.mullvad.net,51820
146.70.132.226,gb-mnc-wg-005.relays.mullvad.net,51820
2001:ac8:8b:29::f001,gb-mnc-wg-005.relays.mullvad.net,51820
146.70.133.2,gb-mnc-wg-006.relays.mullvad.net,51820
2001:ac8:8b:2a::f001,gb-mnc-wg-006.relays.mullvad.net,51820
146.70.133.34,gb-mnc-wg-007.relays.mullvad.net,51820
2001:ac8:8b:2b::f001,gb-mnc-wg-007.relays.mullvad.net,51820
146.70.133.66,gb-mnc-wg-008.relays.mullvad.net,51820
2001:ac8:8b:2c::f001,gb-mnc-wg-008.relays.mullvad.net,51820
146.70.132.98,gb-mnc-wg-009.relays.mullvad.net,51820
2001:ac8:8b:25::f001,gb-mnc-wg-009.relays.mullvad.net,51820
167.160.13.3,gb-mnc-wg-201.relays.mullvad.net,51820
2a03:ee40:3304::f001,gb-mnc-wg-201.relays.mullvad.net,51820
167.160.13.127,gb-mnc-wg-202.relays.mullvad.net,51820
2a03:ee40:3304::f101,gb-mnc-wg-202.relays.mullvad.net,51820
149.102.246.2,gr-ath-wg-101.relays.mullvad.net,51820
2a02:6ea0:f501:2::f001,gr-ath-wg-101.relays.mullvad.net,51820
149.102.246.15,gr-ath-wg-102.relays.mullvad.net,51820
2a02:6ea0:f501:3::f001,gr-ath-wg-102.relays.mullvad.net,51820
103.125.233.18,hk-hkg-wg-201.relays.mullvad.net,51820
2403:2c81:1000::a06f,hk-hkg-wg-201.relays.mullvad.net,51820
103.125.233.3,hk-hkg-wg-202.relays.mullvad.net,51820
2403:2c81:1000::a05f,hk-hkg-wg-202.relays.mullvad.net,51820
146.70.224.2,hk-hkg-wg-301.relays.mullvad.net,51820
2001:ac8:a:f::f001,hk-hkg-wg-301.relays.mullvad.net,51820
146.70.224.66,hk-hkg-wg-302.relays.mullvad.net,51820
2001:ac8:a:19::f001,hk-hkg-wg-302.relays.mullvad.net,51820
154.47.29.2,hr-zag-wg-001.relays.mullvad.net,51820
2a02:6ea0:f401:1::a01f,hr-zag-wg-001.relays.mullvad.net,51820
154.47.29.15,hr-zag-wg-002.relays.mullvad.net,51820
2a02:6ea0:f401:2::a01f,hr-zag-wg-002.relays.mullvad.net,51820
146.70.196.194,hu-bud-wg-101.relays.mullvad.net,51820
2001:ac8:26:55::f001,hu-bud-wg-101.relays.mullvad.net,51820
146.70.196.130,hu-bud-wg-102.relays.mullvad.net,51820
2001:ac8:26:54::f001,hu-bud-wg-102.relays.mullvad.net,51820
79.127.182.130,hu-bud-wg-201.relays.mullvad.net,51820
2a02:6ea0:5700:1::f001,hu-bud-wg-201.relays.mullvad.net,51820
79.127.182.160,hu-bud-wg-202.relays.mullvad.net,51820
2a02:6ea0:5700:2::f001,hu-bud-wg-202.relays.mullvad.net,51820
129.227.46.130,id-jpu-wg-001.relays.mullvad.net,51820
2602:ffe4:c0d:801d::f001,id-jpu-wg-001.relays.mullvad.net,51820
129.227.46.162,id-jpu-wg-002.relays.mullvad.net,51820
2602:ffe4:c0d:801e::f101,id-jpu-wg-002.relays.mullvad.net,51820
146.70.189.2,ie-dub-wg-101.relays.mullvad.net,51820
2001:ac8:88:84::a01f,ie-dub-wg-101.relays.mullvad.net,51820
146.70.189.66,ie-dub-wg-102.relays.mullvad.net,51820
2001:ac8:88:85::f001,ie-dub-wg-102.relays.mullvad.net,51820
169.150.227.197,il-tlv-wg-101.relays.mullvad.net,51820
2a02:6ea0:3b00:1::a01f,il-tlv-wg-101.relays.mullvad.net,51820
169.150.227.210,il-tlv-wg-102.relays.mullvad.net,51820
2a02:6ea0:3b00:2::a02f,il-tlv-wg-102.relays.mullvad.net,51820
169.150.227.222,il-tlv-wg-103.relays.mullvad.net,51820
2a02:6ea0:3b00:3::a03f,il-tlv-wg-103.relays.mullvad.net,51820
178.249.211.66,it-mil-wg-001.relays.mullvad.net,51820
2a02:6ea0:d509:1::a09f,it-mil-wg-001.relays.mullvad.net,51820
178.249.211.79,it-mil-wg-002.relays.mullvad.net,51820
2a02:6ea0:d509:2::a10f,it-mil-wg-002.relays.mullvad.net,51820
178.249.211.92,it-mil-wg-003.relays.mullvad.net,51820
2a02:6ea0:d509:3::a11f,it-mil-wg-003.relays.mullvad.net,51820
146.70.225.2,it-mil-wg-201.relays.mullvad.net,51820
2001:ac8:24:17::f001,it-mil-wg-201.relays.mullvad.net,51820
146.70.225.66,it-mil-wg-202.relays.mullvad.net,51820
2001:ac8:24:18::f001,it-mil-wg-202.relays.mullvad.net,51820
149.22.91.66,it-pmo-wg-001.relays.mullvad.net,51820
2a02:6ea0:4f00::f001,it-pmo-wg-001.relays.mullvad.net,51820
149.22.91.79,it-pmo-wg-002.relays.mullvad.net,51820
2a02:6ea0:4f00::f101,it-pmo-wg-002.relays.mullvad.net,51820
194.114.136.3,jp-osa-wg-001.relays.mullvad.net,51820
2403:fbc0:7000::f001,jp-osa-wg-001.relays.mullvad.net,51820
194.114.136.34,jp-osa-wg-002.relays.mullvad.net,51820
2403:fbc0:7000::f101,jp-osa-wg-002.relays.mullvad.net,51820
194.114.136.65,jp-osa-wg-003.relays.mullvad.net,51820
2403:fbc0:7000::f201,jp-osa-wg-003.relays.mullvad.net,51820
194.114.136.96,jp-osa-wg-004.relays.mullvad.net,51820
2403:fbc0:7000::f301,jp-osa-wg-004.relays.mullvad.net,51820
138.199.21.239,jp-tyo-wg-001.relays.mullvad.net,51820
2a02:6ea0:d31c::a15f,jp-tyo-wg-001.relays.mullvad.net,51820
138.199.21.226,jp-tyo-wg-002.relays.mullvad.net,51820
2a02:6ea0:d31b::a14f,jp-tyo-wg-002.relays.mullvad.net,51820
146.70.138.194,jp-tyo-wg-201.relays.mullvad.net,51820
2001:ac8:40:11::b01f,jp-tyo-wg-201.relays.mullvad.net,51820
146.70.201.2,jp-tyo-wg-202.relays.mullvad.net,51820
2001:ac8:40:13::b02f,jp-tyo-wg-202.relays.mullvad.net,51820
146.70.201.66,jp-tyo-wg-203.relays.mullvad.net,51820
2001:ac8:40:14::b03f,jp-tyo-wg-203.relays.mullvad.net,51820
149.88.22.129,mx-qro-wg-001.relays.mullvad.net,51820
2a02:6ea0:f803::f001,mx-qro-wg-001.relays.mullvad.net,51820
149.88.22.142,mx-qro-wg-002.relays.mullvad.net,51820
2a02:6ea0:f803:1::f001,mx-qro-wg-002.relays.mullvad.net,51820
149.88.22.155,mx-qro-wg-003.relays.mullvad.net,51820
2a02:6ea0:f803:2::f001,mx-qro-wg-003.relays.mullvad.net,51820
149.88.22.168,mx-qro-wg-004.relays.mullvad.net,51820
2a02:6ea0:f803:3::f001,mx-qro-wg-004.relays.mullvad.net,51820
98.98.47.130,my-kul-wg-001.relays.mullvad.net,51820
2602:ffe4:c20:112::f001,my-kul-wg-001.relays.mullvad.net,51820
162.128.129.98,my-kul-wg-002.relays.mullvad.net,51820
2602:ffe4:c20:112::f101,my-kul-wg-002.relays.mullvad.net,51820
79.127.149.130,ng-los-wg-001.relays.mullvad.net,51820
2a02:6ea0:5400:1::f001,ng-los-wg-001.relays.mullvad.net,51820
79.127.149.159,ng-los-wg-002.relays.mullvad.net,51820
2a02:6ea0:5400:2::f001,ng-los-wg-002.relays.mullvad.net,51820
193.32.249.66,nl-ams-wg-001.relays.mullvad.net,51820
2a03:1b20:3:f011::f001,nl-ams-wg-001.relays.mullvad.net,51820
185.65.134.82,nl-ams-wg-002.relays.mullvad.net,51820
2a03:1b20:3:f011::a02f,nl-ams-wg-002.relays.mullvad.net,51820
185.65.134.83,nl-ams-wg-003.relays.mullvad.net,51820
2a03:1b20:3:f011::f201,nl-ams-wg-003.relays.mullvad.net,51820
193.32.249.69,nl-ams-wg-004.relays.mullvad.net,51820
2a03:1b20:3:f011::f301,nl-ams-wg-004.relays.mullvad.net,51820
193.32.249.70,nl-ams-wg-005.relays.mullvad.net,51820
2a03:1b20:3:f011::f401,nl-ams-wg-005.relays.mullvad.net,51820
185.65.134.86,nl-ams-wg-006.relays.mullvad.net,51820
2a03:1b20:3:f011::f501,nl-ams-wg-006.relays.mullvad.net,51820
185.65.134.76,nl-ams-wg-007.relays.mullvad.net,51820
2a03:1b20:3:f011::f701,nl-ams-wg-007.relays.mullvad.net,51820
193.32.249.73,nl-ams-wg-008.relays.mullvad.net,51820
2a03:1b20:3:f011::f801,nl-ams-wg-008.relays.mullvad.net,51820
92.60.40.194,nl-ams-wg-101.relays.mullvad.net,51820
2a0c:59c0:18::a20f,nl-ams-wg-101.relays.mullvad.net,51820
92.60.40.209,nl-ams-wg-102.relays.mullvad.net,51820
2a0c:59c0:18::a21f,nl-ams-wg-102.relays.mullvad.net,51820
92.60.40.224,nl-ams-wg-103.relays.mullvad.net,51820
2a0c:59c0:18::a22f,nl-ams-wg-103.relays.mullvad.net,51820
169.150.196.2,nl-ams-wg-201.relays.mullvad.net,51820
2a02:6ea0:c034:1::a30f,nl-ams-wg-201.relays.mullvad.net,51820
169.150.196.15,nl-ams-wg-202.relays.mullvad.net,51820
2a02:6ea0:c034:2::a31f,nl-ams-wg-202.relays.mullvad.net,51820
169.150.196.28,nl-ams-wg-203.relays.mullvad.net,51820
2a02:6ea0:c034:3::a32f,nl-ams-wg-203.relays.mullvad.net,51820
176.125.235.71,no-osl-wg-001.relays.mullvad.net,51820
2a02:20c8:4124::a01f,no-osl-wg-001.relays.mullvad.net,51820
176.125.235.72,no-osl-wg-002.relays.mullvad.net,51820
2a02:20c8:4124::a02f,no-osl-wg-002.relays.mullvad.net,51820
176.125.235.73,no-osl-wg-003.relays.mullvad.net,51820
2a02:20c8:4124::a03f,no-osl-wg-003.relays.mullvad.net,51820
176.125.235.74,no-osl-wg-004.relays.mullvad.net,51820
2a02:20c8:4124::a04f,no-osl-wg-004.relays.mullvad.net,51820
178.255.149.140,no-osl-wg-005.relays.mullvad.net,51820
2a02:20c8:4124::f401,no-osl-wg-005.relays.mullvad.net,51820
178.255.149.165,no-osl-wg-006.relays.mullvad.net,51820
2a02:20c8:4124::f501,no-osl-wg-006.relays.mullvad.net,51820
91.90.44.15,no-osl-wg-007.relays.mullvad.net,51820
2a02:20c8:4124::f701,no-osl-wg-007.relays.mullvad.net,51820
91.90.44.18,no-osl-wg-008.relays.mullvad.net,51820
2a02:20c8:4124::f801,no-osl-wg-008.relays.mullvad.net,51820
194.127.199.2,no-svg-wg-001.relays.mullvad.net,51820
2a02:20c8:4120::a01f,no-svg-wg-001.relays.mullvad.net,51820
194.127.199.31,no-svg-wg-002.relays.mullvad.net,51820
2a02:20c8:4120::a02f,no-svg-wg-002.relays.mullvad.net,51820
194.127.199.62,no-svg-wg-003.relays.mullvad.net,51820
2a02:20c8:4120::a03f,no-svg-wg-003.relays.mullvad.net,51820
194.127.199.93,no-svg-wg-004.relays.mullvad.net,51820
2a02:20c8:4120::a04f,no-svg-wg-004.relays.mullvad.net,51820
103.75.11.50,nz-akl-wg-301.relays.mullvad.net,51820
2404:f780:5:deb::f001,nz-akl-wg-301.relays.mullvad.net,51820
103.75.11.66,nz-akl-wg-302.relays.mullvad.net,51820
2404:f780:5:dec::c02f,nz-akl-wg-302.relays.mullvad.net,51820
95.173.223.130,pe-lim-wg-001.relays.mullvad.net,51820
2a02:6ea0:5500:1::f001,pe-lim-wg-001.relays.mullvad.net,51820
95.173.223.159,pe-lim-wg-002.relays.mullvad.net,51820
2a02:6ea0:5500:2::f001,pe-lim-wg-002.relays.mullvad.net,51820
129.227.118.162,ph-mnl-wg-001.relays.mullvad.net,51820
2602:ffe4:c06:11e::f001,ph-mnl-wg-001.relays.mullvad.net,51820
156.59.127.194,ph-mnl-wg-002.relays.mullvad.net,51820
2602:ffe4:c06:11e::f101,ph-mnl-wg-002.relays.mullvad.net,51820
45.134.212.66,pl-waw-wg-101.relays.mullvad.net,51820
2a02:6ea0:ce08:1::f001,pl-waw-wg-101.relays.mullvad.net,51820
45.134.212.79,pl-waw-wg-102.relays.mullvad.net,51820
2a02:6ea0:ce08:2::a06f,pl-waw-wg-102.relays.mullvad.net,51820
45.134.212.92,pl-waw-wg-103.relays.mullvad.net,51820
2a02:6ea0:ce08:3::a07f,pl-waw-wg-103.relays.mullvad.net,51820
45.128.38.226,pl-waw-wg-201.relays.mullvad.net,51820
2a0d:5600:13:67::a01f,pl-waw-wg-201.relays.mullvad.net,51820
146.70.144.34,pl-waw-wg-202.relays.mullvad.net,51820
2a0d:5600:13:c47::a02f,pl-waw-wg-202.relays.mullvad.net,51820
149.88.20.206,pt-lis-wg-201.relays.mullvad.net,51820
2a02:6ea0:fb01:1::f001,pt-lis-wg-201.relays.mullvad.net,51820
149.88.20.193,pt-lis-wg-202.relays.mullvad.net,51820
2a02:6ea0:fb01:2::f002,pt-lis-wg-202.relays.mullvad.net,51820
185.92.210.195,pt-lis-wg-301.relays.mullvad.net,51820
2a06:3040:0:1410::f001,pt-lis-wg-301.relays.mullvad.net,51820
185.92.210.225,pt-lis-wg-302.relays.mullvad.net,51820
2a06:3040:0:1410::f101,pt-lis-wg-302.relays.mullvad.net,51820
146.70.124.130,ro-buh-wg-001.relays.mullvad.net,51820
2a04:9dc0:0:133::a01f,ro-buh-wg-001.relays.mullvad.net,51820
146.70.124.194,ro-buh-wg-002.relays.mullvad.net,51820
2a04:9dc0:0:135::f001,ro-buh-wg-002.relays.mullvad.net,51820
146.70.193.2,rs-beg-wg-101.relays.mullvad.net,51820
2001:ac8:7d:37::a01f,rs-beg-wg-101.relays.mullvad.net,51820
146.70.193.66,rs-beg-wg-102.relays.mullvad.net,51820
2001:ac8:7d:38::a02f,rs-beg-wg-102.relays.mullvad.net,51820
185.213.154.66,se-got-wg-001.relays.mullvad.net,51820
2a03:1b20:5:f011:31::a03f,se-got-wg-001.relays.mullvad.net,51820
185.213.154.67,se-got-wg-002.relays.mullvad.net,51820
2a03:1b20:5:f011::a05f,se-got-wg-002.relays.mullvad.net,51820
185.213.154.68,se-got-wg-003.relays.mullvad.net,51820
2a03:1b20:5:f011::a09f,se-got-wg-003.relays.mullvad.net,51820
185.213.154.69,se-got-wg-004.relays.mullvad.net,51820
2a03:1b20:5:f011::a10f,se-got-wg-004.relays.mullvad.net,51820
185.209.199.2,se-got-wg-005.relays.mullvad.net,51820
2a03:1b20:5:f011:5::f001,se-got-wg-005.relays.mullvad.net,51820
185.209.199.7,se-got-wg-006.relays.mullvad.net,51820
2a03:1b20:5:f011:6::f001,se-got-wg-006.relays.mullvad.net,51820
185.209.199.12,se-got-wg-007.relays.mullvad.net,51820
2a03:1b20:5:f011:7::f001,se-got-wg-007.relays.mullvad.net,51820
185.209.199.17,se-got-wg-008.relays.mullvad.net,51820
2a03:1b20:5:f011:8::f001,se-got-wg-008.relays.mullvad.net,51820
185.213.154.70,se-got-wg-101.relays.mullvad.net,51820
2a03:1b20:5:f011::aaaf,se-got-wg-101.relays.mullvad.net,51820
193.138.218.220,se-mma-wg-001.relays.mullvad.net,51820
2a03:1b20:1:f410::a01f,se-mma-wg-001.relays.mullvad.net,51820
193.138.218.80,se-mma-wg-002.relays.mullvad.net,51820
2a03:1b20:1:f410::a15f,se-mma-wg-002.relays.mullvad.net,51820
193.138.218.83,se-mma-wg-003.relays.mullvad.net,51820
2a03:1b20:1:f410::a18f,se-mma-wg-003.relays.mullvad.net,51820
193.138.218.130,se-mma-wg-004.relays.mullvad.net,51820
2a03:1b20:1:f410:40::a04f,se-mma-wg-004.relays.mullvad.net,51820
193.138.218.82,se-mma-wg-005.relays.mullvad.net,51820
2a03:1b20:1:f410::a17f,se-mma-wg-005.relays.mullvad.net,51820
141.98.255.94,se-mma-wg-011.relays.mullvad.net,51820
2a03:1b20:1:f410::f101,se-mma-wg-011.relays.mullvad.net,51820
141.98.255.97,se-mma-wg-012.relays.mullvad.net,51820
2a03:1b20:1:f410::f201,se-mma-wg-012.relays.mullvad.net,51820
45.83.220.68,se-mma-wg-101.relays.mullvad.net,51820
2a03:1b20:1:e011::a21f,se-mma-wg-101.relays.mullvad.net,51820
45.83.220.69,se-mma-wg-102.relays.mullvad.net,51820
2a03:1b20:1:e011::a22f,se-mma-wg-102.relays.mullvad.net,51820
45.83.220.70,se-mma-wg-103.relays.mullvad.net,51820
2a03:1b20:1:e011::a23f,se-mma-wg-103.relays.mullvad.net,51820
45.129.59.19,se-mma-wg-111.relays.mullvad.net,51820
2a03:1b20:1:e011::f701,se-mma-wg-111.relays.mullvad.net,51820
45.129.59.129,se-mma-wg-112.relays.mullvad.net,51820
2a03:1b20:1:e011::f601,se-mma-wg-112.relays.mullvad.net,51820
185.195.233.76,se-sto-wg-001.relays.mullvad.net,51820
2a03:1b20:4:f011::999f,se-sto-wg-001.relays.mullvad.net,51820
185.65.135.67,se-sto-wg-002.relays.mullvad.net,51820
2a03:1b20:4:f011::a02f,se-sto-wg-002.relays.mullvad.net,51820
185.65.135.68,se-sto-wg-003.relays.mullvad.net,51820
2a03:1b20:4:f011::f201,se-sto-wg-003.relays.mullvad.net,51820
185.65.135.69,se-sto-wg-004.relays.mullvad.net,51820
2a03:1b20:4:f011::f301,se-sto-wg-004.relays.mullvad.net,51820
185.65.135.72,se-sto-wg-005.relays.mullvad.net,51820
2a03:1b20:4:f011::f401,se-sto-wg-005.relays.mullvad.net,51820
185.65.135.73,se-sto-wg-006.relays.mullvad.net,51820
2a03:1b20:4:f011::f501,se-sto-wg-006.relays.mullvad.net,51820
185.65.135.70,se-sto-wg-007.relays.mullvad.net,51820
2a03:1b20:4:f011::b07f,se-sto-wg-007.relays.mullvad.net,51820
185.65.135.71,se-sto-wg-008.relays.mullvad.net,51820
2a03:1b20:4:f011::f701,se-sto-wg-008.relays.mullvad.net,51820
185.195.233.69,se-sto-wg-009.relays.mullvad.net,51820
2a03:1b20:4:f011::a09f,se-sto-wg-009.relays.mullvad.net,51820
185.195.233.70,se-sto-wg-010.relays.mullvad.net,51820
2a03:1b20:4:f011::a10f,se-sto-wg-010.relays.mullvad.net,51820
185.195.233.71,se-sto-wg-011.relays.mullvad.net,51820
2a03:1b20:4:f011::a11f,se-sto-wg-011.relays.mullvad.net,51820
185.195.233.66,se-sto-wg-012.relays.mullvad.net,51820
2a03:1b20:4:f011::fb01,se-sto-wg-012.relays.mullvad.net,51820
185.195.233.67,se-sto-wg-013.relays.mullvad.net,51820
2a03:1b20:4:f011::fe01,se-sto-wg-013.relays.mullvad.net,51820
89.37.63.10,se-sto-wg-201.relays.mullvad.net,51820
2a02:6ea0:1508:1::f001,se-sto-wg-201.relays.mullvad.net,51820
89.37.63.66,se-sto-wg-202.relays.mullvad.net,51820
2a02:6ea0:1508:2::f001,se-sto-wg-202.relays.mullvad.net,51820
89.37.63.129,se-sto-wg-203.relays.mullvad.net,51820
2a02:6ea0:1508:3::f001,se-sto-wg-203.relays.mullvad.net,51820
89.37.63.190,se-sto-wg-204.relays.mullvad.net,51820
2a02:6ea0:1508:4::f001,se-sto-wg-204.relays.mullvad.net,51820
170.62.100.10,se-sto-wg-205.relays.mullvad.net,51820
2a02:6ea0:1508:5::f001,se-sto-wg-205.relays.mullvad.net,51820
170.62.100.66,se-sto-wg-206.relays.mullvad.net,51820
2a02:6ea0:1508:6::f001,se-sto-wg-206.relays.mullvad.net,51820
170.62.100.129,se-sto-wg-207.relays.mullvad.net,51820
2a02:6ea0:1508:7::f001,se-sto-wg-207.relays.mullvad.net,51820
170.62.100.170,se-sto-wg-208.relays.mullvad.net,51820
2a02:6ea0:1508:8::f001,se-sto-wg-208.relays.mullvad.net,51820
170.62.100.211,se-sto-wg-209.relays.mullvad.net,51820
2a02:6ea0:1508:9::f001,se-sto-wg-209.relays.mullvad.net,51820
138.199.60.2,sg-sin-wg-001.relays.mullvad.net,51820
2a02:6ea0:d13e:1::a09f,sg-sin-wg-001.relays.mullvad.net,51820
138.199.60.15,sg-sin-wg-002.relays.mullvad.net,51820
2a02:6ea0:d13e:2::a10f,sg-sin-wg-002.relays.mullvad.net,51820
138.199.60.28,sg-sin-wg-003.relays.mullvad.net,51820
2a02:6ea0:d13e:3::a11f,sg-sin-wg-003.relays.mullvad.net,51820
146.70.199.194,sg-sin-wg-101.relays.mullvad.net,51820
2a0d:5600:d:44::a01f,sg-sin-wg-101.relays.mullvad.net,51820
146.70.199.130,sg-sin-wg-102.relays.mullvad.net,51820
2a0d:5600:d:43::a02f,sg-sin-wg-102.relays.mullvad.net,51820
93.115.0.3,si-lju-wg-001.relays.mullvad.net,51820
2a06:3040:7:210::f001,si-lju-wg-001.relays.mullvad.net,51820
93.115.0.33,si-lju-wg-002.relays.mullvad.net,51820
2a06:3040:7:210::f101,si-lju-wg-002.relays.mullvad.net,51820
138.199.34.129,sk-bts-wg-001.relays.mullvad.net,51820
2a02:6ea0:2901:1::f001,sk-bts-wg-001.relays.mullvad.net,51820
138.199.34.143,sk-bts-wg-002.relays.mullvad.net,51820
2a02:6ea0:2901::a02f,sk-bts-wg-002.relays.mullvad.net,51820
156.59.50.194,th-bkk-wg-001.relays.mullvad.net,51820
2602:ffe4:c09:10a::f001,th-bkk-wg-001.relays.mullvad.net,51820
156.59.50.226,th-bkk-wg-002.relays.mullvad.net,51820
2602:ffe4:c09:109::f101,th-bkk-wg-002.relays.mullvad.net,51820
149.102.229.129,tr-ist-wg-001.relays.mullvad.net,51820
2a02:6ea0:e813::f001,tr-ist-wg-001.relays.mullvad.net,51820
149.102.229.158,tr-ist-wg-002.relays.mullvad.net,51820
2a02:6ea0:e813:1::f001,tr-ist-wg-002.relays.mullvad.net,51820
149.102.240.79,ua-iev-wg-001.relays.mullvad.net,51820
2a02:6ea0:e109:2::a01f,ua-iev-wg-001.relays.mullvad.net,51820
149.102.240.66,ua-iev-wg-002.relays.mullvad.net,51820
2a02:6ea0:e109:1::a02f,ua-iev-wg-002.relays.mullvad.net,51820
45.134.140.130,us-atl-wg-001.relays.mullvad.net,51820
2a02:6ea0:c122:1::b79f,us-atl-wg-001.relays.mullvad.net,51820
45.134.140.143,us-atl-wg-002.relays.mullvad.net,51820
2a02:6ea0:c122:2::b80f,us-atl-wg-002.relays.mullvad.net,51820
67.213.209.116,us-atl-wg-301.relays.mullvad.net,51820
2606:2e00:8000:4::f001,us-atl-wg-301.relays.mullvad.net,51820
67.213.209.117,us-atl-wg-302.relays.mullvad.net,51820
2606:2e00:8000:4::f101,us-atl-wg-302.relays.mullvad.net,51820
67.213.209.118,us-atl-wg-303.relays.mullvad.net,51820
2606:2e00:8000:4::f201,us-atl-wg-303.relays.mullvad.net,51820
67.213.209.119,us-atl-wg-304.relays.mullvad.net,51820
2606:2e00:8000:4::f301,us-atl-wg-304.relays.mullvad.net,51820
67.213.209.120,us-atl-wg-305.relays.mullvad.net,51820
2606:2e00:8000:4::f401,us-atl-wg-305.relays.mullvad.net,51820
67.213.209.121,us-atl-wg-306.relays.mullvad.net,51820
2606:2e00:8000:4::f501,us-atl-wg-306.relays.mullvad.net,51820
23.234.108.3,us-atl-wg-401.relays.mullvad.net,51820
2607:9000:c00:31::f001,us-atl-wg-401.relays.mullvad.net,51820
23.234.108.127,us-atl-wg-402.relays.mullvad.net,51820
2607:9000:c00:32::f001,us-atl-wg-402.relays.mullvad.net,51820
23.234.109.3,us-atl-wg-403.relays.mullvad.net,51820
2607:9000:c00:33::f001,us-atl-wg-403.relays.mullvad.net,51820
23.234.109.127,us-atl-wg-404.relays.mullvad.net,51820
2607:9000:c00:34::f001,us-atl-wg-404.relays.mullvad.net,51820
23.234.110.3,us-atl-wg-405.relays.mullvad.net,51820
2607:9000:c00:35::f001,us-atl-wg-405.relays.mullvad.net,51820
23.234.110.127,us-atl-wg-406.relays.mullvad.net,51820
2607:9000:c00:36::f001,us-atl-wg-406.relays.mullvad.net,51820
23.234.111.3,us-atl-wg-407.relays.mullvad.net,51820
2607:9000:c00:37::f001,us-atl-wg-407.relays.mullvad.net,51820
23.234.111.127,us-atl-wg-408.relays.mullvad.net,51820
2607:9000:c00:38::f001,us-atl-wg-408.relays.mullvad.net,51820
43.225.189.131,us-bos-wg-001.relays.mullvad.net,51820
2a06:3040:12:610::a01f,us-bos-wg-001.relays.mullvad.net,51820
43.225.189.162,us-bos-wg-002.relays.mullvad.net,51820
2a06:3040:12:610::a02f,us-bos-wg-002.relays.mullvad.net,51820
149.40.50.98,us-bos-wg-101.relays.mullvad.net,51820
2a02:6ea0:f901::a01f,us-bos-wg-101.relays.mullvad.net,51820
149.40.50.112,us-bos-wg-102.relays.mullvad.net,51820
2a02:6ea0:f901:1::a02f,us-bos-wg-102.relays.mullvad.net,51820
68.235.44.194,us-chi-wg-007.relays.mullvad.net,51820
2607:9000:0:84::f001,us-chi-wg-007.relays.mullvad.net,51820
87.249.134.1,us-chi-wg-201.relays.mullvad.net,51820
2a02:6ea0:c61f::b63f,us-chi-wg-201.relays.mullvad.net,51820
87.249.134.14,us-chi-wg-202.relays.mullvad.net,51820
2a02:6ea0:c61f:1::b64f,us-chi-wg-202.relays.mullvad.net,51820
87.249.134.27,us-chi-wg-203.relays.mullvad.net,51820
2a02:6ea0:c61f:2::f001,us-chi-wg-203.relays.mullvad.net,51820
68.235.46.2,us-chi-wg-301.relays.mullvad.net,51820
2607:9000:0:101::f001,us-chi-wg-301.relays.mullvad.net,51820
68.235.46.33,us-chi-wg-302.relays.mullvad.net,51820
2607:9000:0:102::f001,us-chi-wg-302.relays.mullvad.net,51820
68.235.46.64,us-chi-wg-303.relays.mullvad.net,51820
2607:9000:0:103::f001,us-chi-wg-303.relays.mullvad.net,51820
68.235.46.95,us-chi-wg-304.relays.mullvad.net,51820
2607:9000:0:104::f001,us-chi-wg-304.relays.mullvad.net,51820
68.235.46.126,us-chi-wg-305.relays.mullvad.net,51820
2607:9000:0:105::f001,us-chi-wg-305.relays.mullvad.net,51820
68.235.46.157,us-chi-wg-306.relays.mullvad.net,51820
2607:9000:0:106::f001,us-chi-wg-306.relays.mullvad.net,51820
68.235.46.188,us-chi-wg-307.relays.mullvad.net,51820
2607:9000:0:107::f001,us-chi-wg-307.relays.mullvad.net,51820
68.235.46.209,us-chi-wg-308.relays.mullvad.net,51820
2607:9000:0:108::f001,us-chi-wg-308.relays.mullvad.net,51820
146.70.211.66,us-dal-wg-001.relays.mullvad.net,51820
2001:ac8:9a:76::1f,us-dal-wg-001.relays.mullvad.net,51820
146.70.211.2,us-dal-wg-002.relays.mullvad.net,51820
2001:ac8:9a:75::2f,us-dal-wg-002.relays.mullvad.net,51820
146.70.211.130,us-dal-wg-003.relays.mullvad.net,51820
2001:ac8:9a:78::3f,us-dal-wg-003.relays.mullvad.net,51820
37.19.200.156,us-dal-wg-401.relays.mullvad.net,51820
2a02:6ea0:d20c:3::b72f,us-dal-wg-401.relays.mullvad.net,51820
37.19.200.143,us-dal-wg-402.relays.mullvad.net,51820
2a02:6ea0:d20c:2::b71f,us-dal-wg-402.relays.mullvad.net,51820
37.19.200.130,us-dal-wg-403.relays.mullvad.net,51820
2a02:6ea0:d20c:1::f001,us-dal-wg-403.relays.mullvad.net,51820
206.217.206.47,us-dal-wg-502.relays.mullvad.net,51820
2606:2e00:8007:a:ae1f:6bff:fef5:7b21,us-dal-wg-502.relays.mullvad.net,51820
206.217.206.67,us-dal-wg-503.relays.mullvad.net,51820
2606:2e00:8007:a:ae1f:6bff:fef5:7beb,us-dal-wg-503.relays.mullvad.net,51820
206.217.206.87,us-dal-wg-504.relays.mullvad.net,51820
2606:2e00:8007:a:ae1f:6bff:fef5:7b1b,us-dal-wg-504.relays.mullvad.net,51820
206.217.206.107,us-dal-wg-505.relays.mullvad.net,51820
2606:2e00:8007:a:ae1f:6bff:fef5:7983,us-dal-wg-505.relays.mullvad.net,51820
206.217.206.4,us-dal-wg-506.relays.mullvad.net,51820
2606:2e00:8007:a:ae1f:6bff:fef5:7b8d,us-dal-wg-506.relays.mullvad.net,51820
206.217.206.16,us-dal-wg-507.relays.mullvad.net,51820
2606:2e00:8007:a:ae1f:6bff:fef5:7b27,us-dal-wg-507.relays.mullvad.net,51820
103.102.246.3,us-dal-wg-601.relays.mullvad.net,51820
2a01:4740:2::f001,us-dal-wg-601.relays.mullvad.net,51820
103.102.246.127,us-dal-wg-602.relays.mullvad.net,51820
2a01:4740:2::f101,us-dal-wg-602.relays.mullvad.net,51820
103.102.247.3,us-dal-wg-603.relays.mullvad.net,51820
2a01:4740:2::f201,us-dal-wg-603.relays.mullvad.net,51820
103.102.247.127,us-dal-wg-604.relays.mullvad.net,51820
2a01:4740:2::f301,us-dal-wg-604.relays.mullvad.net,51820
37.19.210.1,us-den-wg-101.relays.mullvad.net,51820
2a02:6ea0:d70a::b57f,us-den-wg-101.relays.mullvad.net,51820
37.19.210.14,us-den-wg-102.relays.mullvad.net,51820
2a02:6ea0:d70a:1::b58f,us-den-wg-102.relays.mullvad.net,51820
37.19.210.27,us-den-wg-103.relays.mullvad.net,51820
2a02:6ea0:d70a:2::b59f,us-den-wg-103.relays.mullvad.net,51820
23.234.68.2,us-den-wg-201.relays.mullvad.net,51820
2607:9000:2000:41::f001,us-den-wg-201.relays.mullvad.net,51820
23.234.68.127,us-den-wg-202.relays.mullvad.net,51820
2607:9000:2000:42::f001,us-den-wg-202.relays.mullvad.net,51820
23.234.69.2,us-den-wg-203.relays.mullvad.net,51820
2607:9000:2000:43::f001,us-den-wg-203.relays.mullvad.net,51820
23.234.69.127,us-den-wg-204.relays.mullvad.net,51820
2607:9000:2000:44::f001,us-den-wg-204.relays.mullvad.net,51820
23.234.70.2,us-den-wg-205.relays.mullvad.net,51820
2607:9000:2000:45::f001,us-den-wg-205.relays.mullvad.net,51820
23.234.70.127,us-den-wg-206.relays.mullvad.net,51820
2607:9000:2000:46::f001,us-den-wg-206.relays.mullvad.net,51820
23.234.71.2,us-den-wg-207.relays.mullvad.net,51820
2607:9000:2000:47::f001,us-den-wg-207.relays.mullvad.net,51820
23.234.71.127,us-den-wg-208.relays.mullvad.net,51820
2607:9000:2000:48::f001,us-den-wg-208.relays.mullvad.net,51820
185.141.119.131,us-det-wg-001.relays.mullvad.net,51820
2a06:3040:11:610::f001,us-det-wg-001.relays.mullvad.net,51820
185.141.119.161,us-det-wg-002.relays.mullvad.net,51820
2a06:3040:11:610::f101,us-det-wg-002.relays.mullvad.net,51820
37.19.221.130,us-hou-wg-001.relays.mullvad.net,51820
2a02:6ea0:e001::f001,us-hou-wg-001.relays.mullvad.net,51820
37.19.221.143,us-hou-wg-002.relays.mullvad.net,51820
2a02:6ea0:e001:1::f001,us-hou-wg-002.relays.mullvad.net,51820
37.19.221.156,us-hou-wg-003.relays.mullvad.net,51820
2a02:6ea0:e001:2::b55f,us-hou-wg-003.relays.mullvad.net,51820
37.19.221.169,us-hou-wg-004.relays.mullvad.net,51820
2a02:6ea0:e001:3::b56f,us-hou-wg-004.relays.mullvad.net,51820
198.44.129.98,us-lax-wg-101.relays.mullvad.net,51820
2607:9000:3000:15::a49f,us-lax-wg-101.relays.mullvad.net,51820
198.44.129.66,us-lax-wg-102.relays.mullvad.net,51820
2607:9000:3000:14::a50f,us-lax-wg-102.relays.mullvad.net,51820
198.44.129.34,us-lax-wg-103.relays.mullvad.net,51820
2607:9000:3000:13::a51f,us-lax-wg-103.relays.mullvad.net,51820
169.150.203.2,us-lax-wg-201.relays.mullvad.net,51820
2a02:6ea0:c859:1::a01f,us-lax-wg-201.relays.mullvad.net,51820
169.150.203.15,us-lax-wg-202.relays.mullvad.net,51820
2a02:6ea0:c859:2::a02f,us-lax-wg-202.relays.mullvad.net,51820
169.150.203.28,us-lax-wg-203.relays.mullvad.net,51820
2a02:6ea0:c859:3::a03f,us-lax-wg-203.relays.mullvad.net,51820
146.70.173.66,us-lax-wg-402.relays.mullvad.net,51820
2a0d:5600:8:6::d2f,us-lax-wg-402.relays.mullvad.net,51820
146.70.173.130,us-lax-wg-403.relays.mullvad.net,51820
2a0d:5600:8:d::d3f,us-lax-wg-403.relays.mullvad.net,51820
146.70.173.194,us-lax-wg-404.relays.mullvad.net,51820
2a0d:5600:8:2f::f001,us-lax-wg-404.relays.mullvad.net,51820
146.70.172.2,us-lax-wg-405.relays.mullvad.net,51820
2a0d:5600:8:37::f001,us-lax-wg-405.relays.mullvad.net,51820
146.70.174.2,us-lax-wg-406.relays.mullvad.net,51820
2a0d:5600:8:3b::f001,us-lax-wg-406.relays.mullvad.net,51820
146.70.172.66,us-lax-wg-407.relays.mullvad.net,51820
2a0d:5600:8:38::f001,us-lax-wg-407.relays.mullvad.net,51820
146.70.172.130,us-lax-wg-408.relays.mullvad.net,51820
2a0d:5600:8:39::f001,us-lax-wg-408.relays.mullvad.net,51820
146.70.172.194,us-lax-wg-409.relays.mullvad.net,51820
2a0d:5600:8:3a::f001,us-lax-wg-409.relays.mullvad.net,51820
23.162.40.3,us-lax-wg-601.relays.mullvad.net,51820
2602:fa19::f001,us-lax-wg-601.relays.mullvad.net,51820
23.162.40.127,us-lax-wg-602.relays.mullvad.net,51820
2602:fa19::f101,us-lax-wg-602.relays.mullvad.net,51820
23.159.216.3,us-lax-wg-603.relays.mullvad.net,51820
2602:fa47::f001,us-lax-wg-603.relays.mullvad.net,51820
23.159.216.127,us-lax-wg-604.relays.mullvad.net,51820
2602:fa47::f101,us-lax-wg-604.relays.mullvad.net,51820
23.160.24.3,us-lax-wg-605.relays.mullvad.net,51820
2602:fa45::f001,us-lax-wg-605.relays.mullvad.net,51820
23.160.24.127,us-lax-wg-606.relays.mullvad.net,51820
2602:fa45::f101,us-lax-wg-606.relays.mullvad.net,51820
23.168.216.3,us-lax-wg-607.relays.mullvad.net,51820
2602:f99d::f001,us-lax-wg-607.relays.mullvad.net,51820
23.168.216.127,us-lax-wg-608.relays.mullvad.net,51820
2602:f99d::f101,us-lax-wg-608.relays.mullvad.net,51820
103.251.26.3,us-lax-wg-701.relays.mullvad.net,51820
2a01:4740:3::f001,us-lax-wg-701.relays.mullvad.net,51820
103.251.26.127,us-lax-wg-702.relays.mullvad.net,51820
2a01:4740:3::f101,us-lax-wg-702.relays.mullvad.net,51820
103.251.27.3,us-lax-wg-703.relays.mullvad.net,51820
2a01:4740:3::f201,us-lax-wg-703.relays.mullvad.net,51820
103.251.27.127,us-lax-wg-704.relays.mullvad.net,51820
2a01:4740:3::f301,us-lax-wg-704.relays.mullvad.net,51820
45.134.142.219,us-mia-wg-001.relays.mullvad.net,51820
2a02:6ea0:cc1f:2::b62f,us-mia-wg-001.relays.mullvad.net,51820
45.134.142.206,us-mia-wg-002.relays.mullvad.net,51820
2a02:6ea0:cc1f:1::b61f,us-mia-wg-002.relays.mullvad.net,51820
45.134.142.193,us-mia-wg-003.relays.mullvad.net,51820
2a02:6ea0:cc1f::f001,us-mia-wg-003.relays.mullvad.net,51820
146.70.187.2,us-mia-wg-101.relays.mullvad.net,51820
2a0d:5600:6:104::a01f,us-mia-wg-101.relays.mullvad.net,51820
146.70.187.66,us-mia-wg-102.relays.mullvad.net,51820
2a0d:5600:6:105::f001,us-mia-wg-102.relays.mullvad.net,51820
146.70.187.130,us-mia-wg-103.relays.mullvad.net,51820
2a0d:5600:6:106::f001,us-mia-wg-103.relays.mullvad.net,51820
23.234.116.3,us-mkc-wg-001.relays.mullvad.net,51820
2607:9000:e00:2::f001,us-mkc-wg-001.relays.mullvad.net,51820
23.234.116.127,us-mkc-wg-002.relays.mullvad.net,51820
2607:9000:e00:3::f001,us-mkc-wg-002.relays.mullvad.net,51820
23.234.117.3,us-mkc-wg-003.relays.mullvad.net,51820
2607:9000:e00:4::f001,us-mkc-wg-003.relays.mullvad.net,51820
23.234.117.127,us-mkc-wg-004.relays.mullvad.net,51820
2607:9000:e00:5::f001,us-mkc-wg-004.relays.mullvad.net,51820
23.234.118.3,us-mkc-wg-005.relays.mullvad.net,51820
2607:9000:e00:6::f001,us-mkc-wg-005.relays.mullvad.net,51820
23.234.118.127,us-mkc-wg-006.relays.mullvad.net,51820
2607:9000:e00:7::f001,us-mkc-wg-006.relays.mullvad.net,51820
23.234.119.3,us-mkc-wg-007.relays.mullvad.net,51820
2607:9000:e00:8::f001,us-mkc-wg-007.relays.mullvad.net,51820
23.234.119.127,us-mkc-wg-008.relays.mullvad.net,51820
2607:9000:e00:9::f001,us-mkc-wg-008.relays.mullvad.net,51820
155.2.191.3,us-mkc-wg-101.relays.mullvad.net,51820
2602:fed2:7e0a::f001,us-mkc-wg-101.relays.mullvad.net,51820
155.2.191.53,us-mkc-wg-102.relays.mullvad.net,51820
2602:fed2:7e0a::f101,us-mkc-wg-102.relays.mullvad.net,51820
155.2.191.103,us-mkc-wg-103.relays.mullvad.net,51820
2602:fed2:7e0a::f201,us-mkc-wg-103.relays.mullvad.net,51820
155.2.191.153,us-mkc-wg-104.relays.mullvad.net,51820
2602:fed2:7e0a::f301,us-mkc-wg-104.relays.mullvad.net,51820
155.2.191.203,us-mkc-wg-105.relays.mullvad.net,51820
2602:fed2:7e0a::f401,us-mkc-wg-105.relays.mullvad.net,51820
143.244.47.65,us-nyc-wg-301.relays.mullvad.net,51820
2a02:6ea0:c43f::f001,us-nyc-wg-301.relays.mullvad.net,51820
143.244.47.78,us-nyc-wg-302.relays.mullvad.net,51820
2a02:6ea0:c43f:1::f001,us-nyc-wg-302.relays.mullvad.net,51820
143.244.47.91,us-nyc-wg-303.relays.mullvad.net,51820
2a02:6ea0:c43f:2::b52f,us-nyc-wg-303.relays.mullvad.net,51820
198.44.136.34,us-nyc-wg-401.relays.mullvad.net,51820
2607:9000:a000:12::f001,us-nyc-wg-401.relays.mullvad.net,51820
198.44.136.66,us-nyc-wg-402.relays.mullvad.net,51820
2607:9000:a000:13::f001,us-nyc-wg-402.relays.mullvad.net,51820
198.44.136.98,us-nyc-wg-403.relays.mullvad.net,51820
2607:9000:a000:14::f001,us-nyc-wg-403.relays.mullvad.net,51820
198.44.136.194,us-nyc-wg-404.relays.mullvad.net,51820
2607:9000:a000:17::f001,us-nyc-wg-404.relays.mullvad.net,51820
198.44.136.130,us-nyc-wg-405.relays.mullvad.net,51820
2607:9000:a000:15::f001,us-nyc-wg-405.relays.mullvad.net,51820
198.44.136.162,us-nyc-wg-406.relays.mullvad.net,51820
2607:9000:a000:16::f001,us-nyc-wg-406.relays.mullvad.net,51820
146.70.165.2,us-nyc-wg-501.relays.mullvad.net,51820
2a0d:5600:24:2b6::f001,us-nyc-wg-501.relays.mullvad.net,51820
146.70.165.130,us-nyc-wg-502.relays.mullvad.net,51820
2a0d:5600:24:2b8::f001,us-nyc-wg-502.relays.mullvad.net,51820
146.70.165.194,us-nyc-wg-503.relays.mullvad.net,51820
2a0d:5600:24:2b9::f001,us-nyc-wg-503.relays.mullvad.net,51820
146.70.166.130,us-nyc-wg-504.relays.mullvad.net,51820
2a0d:5600:24:2c2::f001,us-nyc-wg-504.relays.mullvad.net,51820
146.70.166.194,us-nyc-wg-505.relays.mullvad.net,51820
2a0d:5600:24:2c3::f001,us-nyc-wg-505.relays.mullvad.net,51820
146.70.165.66,us-nyc-wg-506.relays.mullvad.net,51820
2a0d:5600:24:2b7::f001,us-nyc-wg-506.relays.mullvad.net,51820
146.70.185.2,us-nyc-wg-601.relays.mullvad.net,51820
2a0d:5600:24:136a::f001,us-nyc-wg-601.relays.mullvad.net,51820
146.70.168.130,us-nyc-wg-602.relays.mullvad.net,51820
2a0d:5600:24:1378::f001,us-nyc-wg-602.relays.mullvad.net,51820
146.70.168.66,us-nyc-wg-603.relays.mullvad.net,51820
2a0d:5600:24:1377::f001,us-nyc-wg-603.relays.mullvad.net,51820
146.70.171.66,us-nyc-wg-604.relays.mullvad.net,51820
2a0d:5600:24:1372::f001,us-nyc-wg-604.relays.mullvad.net,51820
146.70.171.130,us-nyc-wg-605.relays.mullvad.net,51820
2a0d:5600:24:1374::f001,us-nyc-wg-605.relays.mullvad.net,51820
146.70.168.194,us-nyc-wg-606.relays.mullvad.net,51820
2a0d:5600:24:1379::f001,us-nyc-wg-606.relays.mullvad.net,51820
23.162.8.3,us-nyc-wg-701.relays.mullvad.net,51820
2602:fa1f:1::f001,us-nyc-wg-701.relays.mullvad.net,51820
23.162.8.67,us-nyc-wg-702.relays.mullvad.net,51820
2602:fa1f:1::f033,us-nyc-wg-702.relays.mullvad.net,51820
23.162.8.130,us-nyc-wg-703.relays.mullvad.net,51820
2602:fa1f:1:3::f001,us-nyc-wg-703.relays.mullvad.net,51820
23.234.100.3,us-nyc-wg-801.relays.mullvad.net,51820
2607:9000:a000:31::f001,us-nyc-wg-801.relays.mullvad.net,51820
23.234.100.127,us-nyc-wg-802.relays.mullvad.net,51820
2607:9000:a000:32::f001,us-nyc-wg-802.relays.mullvad.net,51820
23.234.101.3,us-nyc-wg-803.relays.mullvad.net,51820
2607:9000:a000:33::f001,us-nyc-wg-803.relays.mullvad.net,51820
23.234.101.127,us-nyc-wg-804.relays.mullvad.net,51820
2607:9000:a000:34::f001,us-nyc-wg-804.relays.mullvad.net,51820
23.234.102.3,us-nyc-wg-805.relays.mullvad.net,51820
2607:9000:a000:35::f001,us-nyc-wg-805.relays.mullvad.net,51820
23.234.102.127,us-nyc-wg-806.relays.mullvad.net,51820
2607:9000:a000:36::f001,us-nyc-wg-806.relays.mullvad.net,51820
23.234.103.3,us-nyc-wg-807.relays.mullvad.net,51820
2607:9000:a000:37::f001,us-nyc-wg-807.relays.mullvad.net,51820
23.234.103.127,us-nyc-wg-808.relays.mullvad.net,51820
2607:9000:a000:38::f001,us-nyc-wg-808.relays.mullvad.net,51820
198.54.133.98,us-phx-wg-101.relays.mullvad.net,51820
2607:9000:7000:14::103f,us-phx-wg-101.relays.mullvad.net,51820
198.54.133.130,us-phx-wg-102.relays.mullvad.net,51820
2607:9000:7000:15::b89f,us-phx-wg-102.relays.mullvad.net,51820
198.54.133.162,us-phx-wg-103.relays.mullvad.net,51820
2607:9000:7000:16::f001,us-phx-wg-103.relays.mullvad.net,51820
23.234.88.3,us-phx-wg-201.relays.mullvad.net,51820
2607:9000:700:41::f001,us-phx-wg-201.relays.mullvad.net,51820
23.234.88.127,us-phx-wg-202.relays.mullvad.net,51820
2607:9000:700:42::f001,us-phx-wg-202.relays.mullvad.net,51820
23.234.89.3,us-phx-wg-203.relays.mullvad.net,51820
2607:9000:700:43::f001,us-phx-wg-203.relays.mullvad.net,51820
23.234.89.127,us-phx-wg-204.relays.mullvad.net,51820
2607:9000:700:44::f001,us-phx-wg-204.relays.mullvad.net,51820
23.234.90.3,us-phx-wg-205.relays.mullvad.net,51820
2607:9000:700:45::f001,us-phx-wg-205.relays.mullvad.net,51820
23.234.90.127,us-phx-wg-206.relays.mullvad.net,51820
2607:9000:700:46::f001,us-phx-wg-206.relays.mullvad.net,51820
23.234.91.3,us-phx-wg-207.relays.mullvad.net,51820
2607:9000:700:47::f001,us-phx-wg-207.relays.mullvad.net,51820
23.234.91.127,us-phx-wg-208.relays.mullvad.net,51820
2607:9000:700:48::f001,us-phx-wg-208.relays.mullvad.net,51820
198.54.135.34,us-qas-wg-001.relays.mullvad.net,51820
2607:9000:9000:12::b46f,us-qas-wg-001.relays.mullvad.net,51820
198.54.135.66,us-qas-wg-002.relays.mullvad.net,51820
2607:9000:9000:13::b47f,us-qas-wg-002.relays.mullvad.net,51820
198.54.135.98,us-qas-wg-003.relays.mullvad.net,51820
2607:9000:9000:14::b48f,us-qas-wg-003.relays.mullvad.net,51820
198.54.135.130,us-qas-wg-004.relays.mullvad.net,51820
2607:9000:9000:15::b49f,us-qas-wg-004.relays.mullvad.net,51820
185.156.46.130,us-qas-wg-101.relays.mullvad.net,51820
2a02:6ea0:e206:1::a01f,us-qas-wg-101.relays.mullvad.net,51820
185.156.46.143,us-qas-wg-102.relays.mullvad.net,51820
2a02:6ea0:e206:2::a02f,us-qas-wg-102.relays.mullvad.net,51820
185.156.46.156,us-qas-wg-103.relays.mullvad.net,51820
2a02:6ea0:e206:3::a03f,us-qas-wg-103.relays.mullvad.net,51820
103.81.230.3,us-qas-wg-201.relays.mullvad.net,51820
2a01:4740:1::f001,us-qas-wg-201.relays.mullvad.net,51820
103.81.230.127,us-qas-wg-202.relays.mullvad.net,51820
2a01:4740:1::f101,us-qas-wg-202.relays.mullvad.net,51820
103.81.231.3,us-qas-wg-203.relays.mullvad.net,51820
2a01:4740:1::f201,us-qas-wg-203.relays.mullvad.net,51820
103.81.231.127,us-qas-wg-204.relays.mullvad.net,51820
2a01:4740:1::f301,us-qas-wg-204.relays.mullvad.net,51820
23.234.76.2,us-rag-wg-201.relays.mullvad.net,51820
2607:9000:4000:31::f001,us-rag-wg-201.relays.mullvad.net,51820
23.234.76.127,us-rag-wg-202.relays.mullvad.net,51820
2607:9000:4000:32::f001,us-rag-wg-202.relays.mullvad.net,51820
23.234.77.2,us-rag-wg-203.relays.mullvad.net,51820
2607:9000:4000:33::f001,us-rag-wg-203.relays.mullvad.net,51820
23.234.77.127,us-rag-wg-204.relays.mullvad.net,51820
2607:9000:4000:34::f001,us-rag-wg-204.relays.mullvad.net,51820
23.234.78.2,us-rag-wg-205.relays.mullvad.net,51820
2607:9000:4000:35::f001,us-rag-wg-205.relays.mullvad.net,51820
23.234.78.127,us-rag-wg-206.relays.mullvad.net,51820
2607:9000:4000:36::f001,us-rag-wg-206.relays.mullvad.net,51820
23.234.79.2,us-rag-wg-207.relays.mullvad.net,51820
2607:9000:4000:37::f001,us-rag-wg-207.relays.mullvad.net,51820
23.234.79.127,us-rag-wg-208.relays.mullvad.net,51820
2607:9000:4000:38::f001,us-rag-wg-208.relays.mullvad.net,51820
138.199.43.91,us-sea-wg-001.relays.mullvad.net,51820
2a02:6ea0:d80b:3::b75f,us-sea-wg-001.relays.mullvad.net,51820
138.199.43.78,us-sea-wg-002.relays.mullvad.net,51820
2a02:6ea0:d80b:2::f001,us-sea-wg-002.relays.mullvad.net,51820
138.199.43.65,us-sea-wg-003.relays.mullvad.net,51820
2a02:6ea0:d80b:1::b73f,us-sea-wg-003.relays.mullvad.net,51820
23.234.80.2,us-sea-wg-401.relays.mullvad.net,51820
2607:9000:5000:31::f001,us-sea-wg-401.relays.mullvad.net,51820
23.234.80.127,us-sea-wg-402.relays.mullvad.net,51820
2607:9000:5000:32::f001,us-sea-wg-402.relays.mullvad.net,51820
23.234.81.2,us-sea-wg-403.relays.mullvad.net,51820
2607:9000:5000:33::f001,us-sea-wg-403.relays.mullvad.net,51820
23.234.81.127,us-sea-wg-404.relays.mullvad.net,51820
2607:9000:5000:34::f001,us-sea-wg-404.relays.mullvad.net,51820
23.234.82.2,us-sea-wg-405.relays.mullvad.net,51820
2607:9000:5000:35::f001,us-sea-wg-405.relays.mullvad.net,51820
23.234.82.127,us-sea-wg-406.relays.mullvad.net,51820
2607:9000:5000:36::f001,us-sea-wg-406.relays.mullvad.net,51820
23.234.83.2,us-sea-wg-407.relays.mullvad.net,51820
2607:9000:5000:37::f001,us-sea-wg-407.relays.mullvad.net,51820
23.234.83.127,us-sea-wg-408.relays.mullvad.net,51820
2607:9000:5000:38::f001,us-sea-wg-408.relays.mullvad.net,51820
198.54.134.98,us-sjc-wg-001.relays.mullvad.net,51820
2607:9000:8000:14::f001,us-sjc-wg-001.relays.mullvad.net,51820
198.54.134.130,us-sjc-wg-002.relays.mullvad.net,51820
2607:9000:8000:15::b95f,us-sjc-wg-002.relays.mullvad.net,51820
198.54.134.162,us-sjc-wg-003.relays.mullvad.net,51820
2607:9000:8000:16::b96f,us-sjc-wg-003.relays.mullvad.net,51820
142.147.89.210,us-sjc-wg-302.relays.mullvad.net,51820
2604:e8c0:7::f001,us-sjc-wg-302.relays.mullvad.net,51820
142.147.89.225,us-sjc-wg-303.relays.mullvad.net,51820
2604:e8c0:7::b68f,us-sjc-wg-303.relays.mullvad.net,51820
79.127.217.34,us-sjc-wg-401.relays.mullvad.net,51820
2a02:6ea0:e611::f001,us-sjc-wg-401.relays.mullvad.net,51820
79.127.217.47,us-sjc-wg-402.relays.mullvad.net,51820
2a02:6ea0:e611:1::f001,us-sjc-wg-402.relays.mullvad.net,51820
23.234.92.3,us-sjc-wg-501.relays.mullvad.net,51820
2607:9000:800:31::f001,us-sjc-wg-501.relays.mullvad.net,51820
23.234.92.127,us-sjc-wg-502.relays.mullvad.net,51820
2607:9000:800:32::f001,us-sjc-wg-502.relays.mullvad.net,51820
23.234.93.3,us-sjc-wg-503.relays.mullvad.net,51820
2607:9000:800:33::f001,us-sjc-wg-503.relays.mullvad.net,51820
23.234.93.127,us-sjc-wg-504.relays.mullvad.net,51820
2607:9000:800:34::f001,us-sjc-wg-504.relays.mullvad.net,51820
23.234.94.3,us-sjc-wg-505.relays.mullvad.net,51820
2607:9000:800:35::f001,us-sjc-wg-505.relays.mullvad.net,51820
23.234.94.127,us-sjc-wg-506.relays.mullvad.net,51820
2607:9000:800:36::f001,us-sjc-wg-506.relays.mullvad.net,51820
23.234.95.3,us-sjc-wg-507.relays.mullvad.net,51820
2607:9000:800:37::f001,us-sjc-wg-507.relays.mullvad.net,51820
23.234.95.127,us-sjc-wg-508.relays.mullvad.net,51820
2607:9000:800:38::f001,us-sjc-wg-508.relays.mullvad.net,51820
69.4.234.9,us-slc-wg-201.relays.mullvad.net,51820
2607:fc98:0:8a::f301,us-slc-wg-201.relays.mullvad.net,51820
69.4.234.149,us-slc-wg-202.relays.mullvad.net,51820
2607:fc98:0:8a::f401,us-slc-wg-202.relays.mullvad.net,51820
69.4.234.131,us-slc-wg-203.relays.mullvad.net,51820
2607:fc98:0:8a::f501,us-slc-wg-203.relays.mullvad.net,51820
69.4.234.10,us-slc-wg-204.relays.mullvad.net,51820
2607:fc98:0:8a::f601,us-slc-wg-204.relays.mullvad.net,51820
23.234.112.3,us-slc-wg-301.relays.mullvad.net,51820
2607:9000:d00:2::f001,us-slc-wg-301.relays.mullvad.net,51820
23.234.112.127,us-slc-wg-302.relays.mullvad.net,51820
2607:9000:d00:3::f001,us-slc-wg-302.relays.mullvad.net,51820
23.234.113.3,us-slc-wg-303.relays.mullvad.net,51820
2607:9000:d00:4::f001,us-slc-wg-303.relays.mullvad.net,51820
23.234.113.127,us-slc-wg-304.relays.mullvad.net,51820
2607:9000:d00:5::f001,us-slc-wg-304.relays.mullvad.net,51820
23.234.114.3,us-slc-wg-305.relays.mullvad.net,51820
2607:9000:d00:6::f001,us-slc-wg-305.relays.mullvad.net,51820
23.234.114.127,us-slc-wg-306.relays.mullvad.net,51820
2607:9000:d00:7::f001,us-slc-wg-306.relays.mullvad.net,51820
23.234.115.3,us-slc-wg-307.relays.mullvad.net,51820
2607:9000:d00:8::f001,us-slc-wg-307.relays.mullvad.net,51820
23.234.115.127,us-slc-wg-308.relays.mullvad.net,51820
2607:9000:d00:9::f001,us-slc-wg-308.relays.mullvad.net,51820
79.127.222.194,us-txc-wg-001.relays.mullvad.net,51820
2a02:6ea0:fe00:1::f001,us-txc-wg-001.relays.mullvad.net,51820
79.127.222.207,us-txc-wg-002.relays.mullvad.net,51820
2a02:6ea0:fe00:2::f001,us-txc-wg-002.relays.mullvad.net,51820
104.36.50.3,us-uyk-wg-201.relays.mullvad.net,51820
2a06:3040:12:620::f001,us-uyk-wg-201.relays.mullvad.net,51820
104.36.50.33,us-uyk-wg-202.relays.mullvad.net,51820
2a06:3040:12:620::f101,us-uyk-wg-202.relays.mullvad.net,51820
185.213.193.3,us-was-wg-001.relays.mullvad.net,51820
2604:980:1002:11::f001,us-was-wg-001.relays.mullvad.net,51820
185.213.193.127,us-was-wg-002.relays.mullvad.net,51820
2604:980:1002:11::f101,us-was-wg-002.relays.mullvad.net,51820
154.47.30.130,za-jnb-wg-001.relays.mullvad.net,51820
2a02:6ea0:f206::f001,za-jnb-wg-001.relays.mullvad.net,51820
154.47.30.143,za-jnb-wg-002.relays.mullvad.net,51820
2a02:6ea0:f207::f001,za-jnb-wg-002.relays.mullvad.net,51820
