src_ip,metadata_reference
58.220.95.0/24,https://config.zscaler.com/api/zscalertwo.net/cenr/json
64.215.22.0/24,https://config.zscaler.com/api/zscalertwo.net/cenr/json
87.58.66.0/23,https://config.zscaler.com/api/zscalertwo.net/cenr/json
87.58.68.0/23,https://config.zscaler.com/api/zscalertwo.net/cenr/json
87.58.70.0/23,https://config.zscaler.com/api/zscalertwo.net/cenr/json
87.58.72.0/23,https://config.zscaler.com/api/zscalertwo.net/cenr/json
87.58.74.0/23,https://config.zscaler.com/api/zscalertwo.net/cenr/json
87.58.76.0/23,https://config.zscaler.com/api/zscalertwo.net/cenr/json
87.58.78.0/23,https://config.zscaler.com/api/zscalertwo.net/cenr/json
87.58.80.0/23,https://config.zscaler.com/api/zscalertwo.net/cenr/json
87.58.82.0/23,https://config.zscaler.com/api/zscalertwo.net/cenr/json
87.58.84.0/23,https://config.zscaler.com/api/zscalertwo.net/cenr/json
87.58.86.0/23,https://config.zscaler.com/api/zscalertwo.net/cenr/json
87.58.88.0/23,https://config.zscaler.com/api/zscalertwo.net/cenr/json
87.58.90.0/23,https://config.zscaler.com/api/zscalertwo.net/cenr/json
87.58.92.0/23,https://config.zscaler.com/api/zscalertwo.net/cenr/json
87.58.94.0/23,https://config.zscaler.com/api/zscalertwo.net/cenr/json
87.58.96.0/23,https://config.zscaler.com/api/zscalertwo.net/cenr/json
87.58.102.0/23,https://config.zscaler.com/api/zscalertwo.net/cenr/json
87.58.104.0/23,https://config.zscaler.com/api/zscalertwo.net/cenr/json
87.58.110.0/23,https://config.zscaler.com/api/zscalertwo.net/cenr/json
87.58.112.0/23,https://config.zscaler.com/api/zscalertwo.net/cenr/json
87.58.114.0/23,https://config.zscaler.com/api/zscalertwo.net/cenr/json
87.58.116.0/23,https://config.zscaler.com/api/zscalertwo.net/cenr/json
87.58.118.0/23,https://config.zscaler.com/api/zscalertwo.net/cenr/json
87.58.122.0/23,https://config.zscaler.com/api/zscalertwo.net/cenr/json
98.98.26.0/24,https://config.zscaler.com/api/zscalertwo.net/cenr/json
98.98.27.0/24,https://config.zscaler.com/api/zscalertwo.net/cenr/json
98.98.28.0/24,https://config.zscaler.com/api/zscalertwo.net/cenr/json
98.98.169.0/24,https://config.zscaler.com/api/zscalertwo.net/cenr/json
98.98.186.0/24,https://config.zscaler.com/api/zscalertwo.net/cenr/json
98.98.187.0/24,https://config.zscaler.com/api/zscalertwo.net/cenr/json
101.2.202.0/23,https://config.zscaler.com/api/zscalertwo.net/cenr/json
101.2.204.0/23,https://config.zscaler.com/api/zscalertwo.net/cenr/json
101.2.212.0/23,https://config.zscaler.com/api/zscalertwo.net/cenr/json
101.2.222.0/23,https://config.zscaler.com/api/zscalertwo.net/cenr/json
101.2.224.0/23,https://config.zscaler.com/api/zscalertwo.net/cenr/json
101.2.226.0/23,https://config.zscaler.com/api/zscalertwo.net/cenr/json
101.2.228.0/23,https://config.zscaler.com/api/zscalertwo.net/cenr/json
101.2.230.0/23,https://config.zscaler.com/api/zscalertwo.net/cenr/json
101.2.232.0/23,https://config.zscaler.com/api/zscalertwo.net/cenr/json
101.2.234.0/23,https://config.zscaler.com/api/zscalertwo.net/cenr/json
101.2.236.0/23,https://config.zscaler.com/api/zscalertwo.net/cenr/json
101.2.238.0/23,https://config.zscaler.com/api/zscalertwo.net/cenr/json
101.2.242.0/23,https://config.zscaler.com/api/zscalertwo.net/cenr/json
103.215.126.0/24,https://config.zscaler.com/api/zscalertwo.net/cenr/json
104.129.192.0/23,https://config.zscaler.com/api/zscalertwo.net/cenr/json
104.129.194.0/23,https://config.zscaler.com/api/zscalertwo.net/cenr/json
104.129.196.0/23,https://config.zscaler.com/api/zscalertwo.net/cenr/json
104.129.198.0/23,https://config.zscaler.com/api/zscalertwo.net/cenr/json
104.129.200.0/23,https://config.zscaler.com/api/zscalertwo.net/cenr/json
104.129.204.0/23,https://config.zscaler.com/api/zscalertwo.net/cenr/json
104.129.206.0/23,https://config.zscaler.com/api/zscalertwo.net/cenr/json
128.177.125.0/24,https://config.zscaler.com/api/zscalertwo.net/cenr/json
136.226.0.0/23,https://config.zscaler.com/api/zscalertwo.net/cenr/json
136.226.2.0/23,https://config.zscaler.com/api/zscalertwo.net/cenr/json
136.226.48.0/23,https://config.zscaler.com/api/zscalertwo.net/cenr/json
136.226.50.0/23,https://config.zscaler.com/api/zscalertwo.net/cenr/json
136.226.52.0/23,https://config.zscaler.com/api/zscalertwo.net/cenr/json
136.226.54.0/23,https://config.zscaler.com/api/zscalertwo.net/cenr/json
136.226.56.0/23,https://config.zscaler.com/api/zscalertwo.net/cenr/json
136.226.58.0/23,https://config.zscaler.com/api/zscalertwo.net/cenr/json
136.226.60.0/23,https://config.zscaler.com/api/zscalertwo.net/cenr/json
136.226.62.0/23,https://config.zscaler.com/api/zscalertwo.net/cenr/json
136.226.64.0/23,https://config.zscaler.com/api/zscalertwo.net/cenr/json
136.226.66.0/23,https://config.zscaler.com/api/zscalertwo.net/cenr/json
136.226.68.0/23,https://config.zscaler.com/api/zscalertwo.net/cenr/json
136.226.70.0/23,https://config.zscaler.com/api/zscalertwo.net/cenr/json
136.226.72.0/23,https://config.zscaler.com/api/zscalertwo.net/cenr/json
136.226.74.0/23,https://config.zscaler.com/api/zscalertwo.net/cenr/json
136.226.76.0/23,https://config.zscaler.com/api/zscalertwo.net/cenr/json
136.226.78.0/23,https://config.zscaler.com/api/zscalertwo.net/cenr/json
136.226.80.0/23,https://config.zscaler.com/api/zscalertwo.net/cenr/json
136.226.82.0/23,https://config.zscaler.com/api/zscalertwo.net/cenr/json
136.226.84.0/23,https://config.zscaler.com/api/zscalertwo.net/cenr/json
136.226.86.0/23,https://config.zscaler.com/api/zscalertwo.net/cenr/json
136.226.90.0/23,https://config.zscaler.com/api/zscalertwo.net/cenr/json
136.226.100.0/23,https://config.zscaler.com/api/zscalertwo.net/cenr/json
136.226.102.0/23,https://config.zscaler.com/api/zscalertwo.net/cenr/json
136.226.104.0/23,https://config.zscaler.com/api/zscalertwo.net/cenr/json
136.226.106.0/23,https://config.zscaler.com/api/zscalertwo.net/cenr/json
136.226.108.0/23,https://config.zscaler.com/api/zscalertwo.net/cenr/json
136.226.110.0/23,https://config.zscaler.com/api/zscalertwo.net/cenr/json
136.226.112.0/23,https://config.zscaler.com/api/zscalertwo.net/cenr/json
136.226.114.0/23,https://config.zscaler.com/api/zscalertwo.net/cenr/json
136.226.116.0/23,https://config.zscaler.com/api/zscalertwo.net/cenr/json
136.226.122.0/23,https://config.zscaler.com/api/zscalertwo.net/cenr/json
136.226.124.0/23,https://config.zscaler.com/api/zscalertwo.net/cenr/json
136.226.126.0/23,https://config.zscaler.com/api/zscalertwo.net/cenr/json
136.226.128.0/23,https://config.zscaler.com/api/zscalertwo.net/cenr/json
136.226.130.0/23,https://config.zscaler.com/api/zscalertwo.net/cenr/json
136.226.132.0/23,https://config.zscaler.com/api/zscalertwo.net/cenr/json
136.226.134.0/23,https://config.zscaler.com/api/zscalertwo.net/cenr/json
136.226.138.0/23,https://config.zscaler.com/api/zscalertwo.net/cenr/json
136.226.140.0/23,https://config.zscaler.com/api/zscalertwo.net/cenr/json
136.226.162.0/23,https://config.zscaler.com/api/zscalertwo.net/cenr/json
136.226.164.0/23,https://config.zscaler.com/api/zscalertwo.net/cenr/json
136.226.166.0/23,https://config.zscaler.com/api/zscalertwo.net/cenr/json
136.226.168.0/23,https://config.zscaler.com/api/zscalertwo.net/cenr/json
136.226.170.0/23,https://config.zscaler.com/api/zscalertwo.net/cenr/json
136.226.172.0/23,https://config.zscaler.com/api/zscalertwo.net/cenr/json
136.226.186.0/23,https://config.zscaler.com/api/zscalertwo.net/cenr/json
136.226.188.0/23,https://config.zscaler.com/api/zscalertwo.net/cenr/json
136.226.190.0/23,https://config.zscaler.com/api/zscalertwo.net/cenr/json
136.226.192.0/23,https://config.zscaler.com/api/zscalertwo.net/cenr/json
136.226.198.0/23,https://config.zscaler.com/api/zscalertwo.net/cenr/json
136.226.200.0/23,https://config.zscaler.com/api/zscalertwo.net/cenr/json
136.226.202.0/23,https://config.zscaler.com/api/zscalertwo.net/cenr/json
136.226.204.0/23,https://config.zscaler.com/api/zscalertwo.net/cenr/json
136.226.206.0/23,https://config.zscaler.com/api/zscalertwo.net/cenr/json
136.226.208.0/23,https://config.zscaler.com/api/zscalertwo.net/cenr/json
136.226.210.0/23,https://config.zscaler.com/api/zscalertwo.net/cenr/json
136.226.212.0/23,https://config.zscaler.com/api/zscalertwo.net/cenr/json
136.226.214.0/23,https://config.zscaler.com/api/zscalertwo.net/cenr/json
136.226.216.0/23,https://config.zscaler.com/api/zscalertwo.net/cenr/json
136.226.228.0/23,https://config.zscaler.com/api/zscalertwo.net/cenr/json
136.226.230.0/23,https://config.zscaler.com/api/zscalertwo.net/cenr/json
136.226.232.0/23,https://config.zscaler.com/api/zscalertwo.net/cenr/json
136.226.234.0/23,https://config.zscaler.com/api/zscalertwo.net/cenr/json
136.226.236.0/23,https://config.zscaler.com/api/zscalertwo.net/cenr/json
136.226.238.0/23,https://config.zscaler.com/api/zscalertwo.net/cenr/json
136.226.240.0/23,https://config.zscaler.com/api/zscalertwo.net/cenr/json
136.226.242.0/23,https://config.zscaler.com/api/zscalertwo.net/cenr/json
136.226.244.0/23,https://config.zscaler.com/api/zscalertwo.net/cenr/json
136.226.248.0/23,https://config.zscaler.com/api/zscalertwo.net/cenr/json
136.226.250.0/23,https://config.zscaler.com/api/zscalertwo.net/cenr/json
136.226.252.0/23,https://config.zscaler.com/api/zscalertwo.net/cenr/json
136.226.254.0/23,https://config.zscaler.com/api/zscalertwo.net/cenr/json
137.83.154.0/24,https://config.zscaler.com/api/zscalertwo.net/cenr/json
140.210.152.0/23,https://config.zscaler.com/api/zscalertwo.net/cenr/json
147.161.128.0/23,https://config.zscaler.com/api/zscalertwo.net/cenr/json
147.161.130.0/23,https://config.zscaler.com/api/zscalertwo.net/cenr/json
147.161.132.0/23,https://config.zscaler.com/api/zscalertwo.net/cenr/json
147.161.134.0/23,https://config.zscaler.com/api/zscalertwo.net/cenr/json
147.161.136.0/23,https://config.zscaler.com/api/zscalertwo.net/cenr/json
147.161.138.0/23,https://config.zscaler.com/api/zscalertwo.net/cenr/json
147.161.140.0/23,https://config.zscaler.com/api/zscalertwo.net/cenr/json
147.161.142.0/23,https://config.zscaler.com/api/zscalertwo.net/cenr/json
147.161.144.0/23,https://config.zscaler.com/api/zscalertwo.net/cenr/json
147.161.146.0/23,https://config.zscaler.com/api/zscalertwo.net/cenr/json
147.161.148.0/23,https://config.zscaler.com/api/zscalertwo.net/cenr/json
147.161.150.0/23,https://config.zscaler.com/api/zscalertwo.net/cenr/json
147.161.152.0/23,https://config.zscaler.com/api/zscalertwo.net/cenr/json
147.161.154.0/23,https://config.zscaler.com/api/zscalertwo.net/cenr/json
147.161.156.0/23,https://config.zscaler.com/api/zscalertwo.net/cenr/json
147.161.160.0/23,https://config.zscaler.com/api/zscalertwo.net/cenr/json
147.161.162.0/23,https://config.zscaler.com/api/zscalertwo.net/cenr/json
147.161.164.0/23,https://config.zscaler.com/api/zscalertwo.net/cenr/json
147.161.166.0/23,https://config.zscaler.com/api/zscalertwo.net/cenr/json
147.161.168.0/23,https://config.zscaler.com/api/zscalertwo.net/cenr/json
147.161.170.0/23,https://config.zscaler.com/api/zscalertwo.net/cenr/json
147.161.172.0/23,https://config.zscaler.com/api/zscalertwo.net/cenr/json
147.161.174.0/23,https://config.zscaler.com/api/zscalertwo.net/cenr/json
147.161.176.0/23,https://config.zscaler.com/api/zscalertwo.net/cenr/json
147.161.178.0/23,https://config.zscaler.com/api/zscalertwo.net/cenr/json
147.161.180.0/23,https://config.zscaler.com/api/zscalertwo.net/cenr/json
147.161.182.0/23,https://config.zscaler.com/api/zscalertwo.net/cenr/json
147.161.184.0/23,https://config.zscaler.com/api/zscalertwo.net/cenr/json
147.161.186.0/23,https://config.zscaler.com/api/zscalertwo.net/cenr/json
147.161.188.0/23,https://config.zscaler.com/api/zscalertwo.net/cenr/json
147.161.190.0/23,https://config.zscaler.com/api/zscalertwo.net/cenr/json
147.161.192.0/23,https://config.zscaler.com/api/zscalertwo.net/cenr/json
147.161.194.0/23,https://config.zscaler.com/api/zscalertwo.net/cenr/json
147.161.196.0/23,https://config.zscaler.com/api/zscalertwo.net/cenr/json
147.161.198.0/23,https://config.zscaler.com/api/zscalertwo.net/cenr/json
147.161.212.0/23,https://config.zscaler.com/api/zscalertwo.net/cenr/json
147.161.214.0/23,https://config.zscaler.com/api/zscalertwo.net/cenr/json
147.161.216.0/23,https://config.zscaler.com/api/zscalertwo.net/cenr/json
147.161.218.0/23,https://config.zscaler.com/api/zscalertwo.net/cenr/json
147.161.224.0/23,https://config.zscaler.com/api/zscalertwo.net/cenr/json
147.161.226.0/23,https://config.zscaler.com/api/zscalertwo.net/cenr/json
147.161.228.0/23,https://config.zscaler.com/api/zscalertwo.net/cenr/json
147.161.230.0/23,https://config.zscaler.com/api/zscalertwo.net/cenr/json
147.161.232.0/23,https://config.zscaler.com/api/zscalertwo.net/cenr/json
147.161.234.0/23,https://config.zscaler.com/api/zscalertwo.net/cenr/json
147.161.236.0/23,https://config.zscaler.com/api/zscalertwo.net/cenr/json
147.161.244.0/23,https://config.zscaler.com/api/zscalertwo.net/cenr/json
147.161.246.0/23,https://config.zscaler.com/api/zscalertwo.net/cenr/json
147.161.248.0/23,https://config.zscaler.com/api/zscalertwo.net/cenr/json
147.161.250.0/23,https://config.zscaler.com/api/zscalertwo.net/cenr/json
147.161.254.0/23,https://config.zscaler.com/api/zscalertwo.net/cenr/json
154.113.23.0/24,https://config.zscaler.com/api/zscalertwo.net/cenr/json
159.254.30.0/23,https://config.zscaler.com/api/zscalertwo.net/cenr/json
159.254.32.0/23,https://config.zscaler.com/api/zscalertwo.net/cenr/json
159.254.34.0/23,https://config.zscaler.com/api/zscalertwo.net/cenr/json
159.254.36.0/23,https://config.zscaler.com/api/zscalertwo.net/cenr/json
159.254.38.0/23,https://config.zscaler.com/api/zscalertwo.net/cenr/json
159.254.40.0/23,https://config.zscaler.com/api/zscalertwo.net/cenr/json
159.254.42.0/23,https://config.zscaler.com/api/zscalertwo.net/cenr/json
159.254.44.0/23,https://config.zscaler.com/api/zscalertwo.net/cenr/json
159.254.46.0/23,https://config.zscaler.com/api/zscalertwo.net/cenr/json
159.254.48.0/23,https://config.zscaler.com/api/zscalertwo.net/cenr/json
159.254.50.0/23,https://config.zscaler.com/api/zscalertwo.net/cenr/json
159.254.56.0/23,https://config.zscaler.com/api/zscalertwo.net/cenr/json
159.254.60.0/23,https://config.zscaler.com/api/zscalertwo.net/cenr/json
159.254.64.0/23,https://config.zscaler.com/api/zscalertwo.net/cenr/json
159.254.72.0/23,https://config.zscaler.com/api/zscalertwo.net/cenr/json
159.254.74.0/23,https://config.zscaler.com/api/zscalertwo.net/cenr/json
159.254.76.0/23,https://config.zscaler.com/api/zscalertwo.net/cenr/json
159.254.78.0/23,https://config.zscaler.com/api/zscalertwo.net/cenr/json
159.254.88.0/23,https://config.zscaler.com/api/zscalertwo.net/cenr/json
159.254.176.0/23,https://config.zscaler.com/api/zscalertwo.net/cenr/json
159.254.178.0/23,https://config.zscaler.com/api/zscalertwo.net/cenr/json
159.254.180.0/23,https://config.zscaler.com/api/zscalertwo.net/cenr/json
159.254.182.0/23,https://config.zscaler.com/api/zscalertwo.net/cenr/json
159.254.184.0/23,https://config.zscaler.com/api/zscalertwo.net/cenr/json
159.254.192.0/23,https://config.zscaler.com/api/zscalertwo.net/cenr/json
159.254.194.0/23,https://config.zscaler.com/api/zscalertwo.net/cenr/json
159.254.196.0/23,https://config.zscaler.com/api/zscalertwo.net/cenr/json
159.254.198.0/23,https://config.zscaler.com/api/zscalertwo.net/cenr/json
159.254.210.0/23,https://config.zscaler.com/api/zscalertwo.net/cenr/json
159.254.212.0/22,https://config.zscaler.com/api/zscalertwo.net/cenr/json
165.225.0.0/23,https://config.zscaler.com/api/zscalertwo.net/cenr/json
165.225.2.0/24,https://config.zscaler.com/api/zscalertwo.net/cenr/json
165.225.8.0/23,https://config.zscaler.com/api/zscalertwo.net/cenr/json
165.225.10.0/23,https://config.zscaler.com/api/zscalertwo.net/cenr/json
165.225.12.0/23,https://config.zscaler.com/api/zscalertwo.net/cenr/json
165.225.14.0/23,https://config.zscaler.com/api/zscalertwo.net/cenr/json
165.225.16.0/23,https://config.zscaler.com/api/zscalertwo.net/cenr/json
165.225.20.0/23,https://config.zscaler.com/api/zscalertwo.net/cenr/json
165.225.22.0/23,https://config.zscaler.com/api/zscalertwo.net/cenr/json
165.225.26.0/23,https://config.zscaler.com/api/zscalertwo.net/cenr/json
165.225.32.0/23,https://config.zscaler.com/api/zscalertwo.net/cenr/json
165.225.34.0/23,https://config.zscaler.com/api/zscalertwo.net/cenr/json
165.225.36.0/23,https://config.zscaler.com/api/zscalertwo.net/cenr/json
165.225.38.0/23,https://config.zscaler.com/api/zscalertwo.net/cenr/json
165.225.48.0/24,https://config.zscaler.com/api/zscalertwo.net/cenr/json
165.225.50.0/23,https://config.zscaler.com/api/zscalertwo.net/cenr/json
165.225.56.0/22,https://config.zscaler.com/api/zscalertwo.net/cenr/json
165.225.60.0/22,https://config.zscaler.com/api/zscalertwo.net/cenr/json
165.225.66.0/23,https://config.zscaler.com/api/zscalertwo.net/cenr/json
165.225.72.0/22,https://config.zscaler.com/api/zscalertwo.net/cenr/json
165.225.76.0/23,https://config.zscaler.com/api/zscalertwo.net/cenr/json
165.225.80.0/22,https://config.zscaler.com/api/zscalertwo.net/cenr/json
165.225.92.0/23,https://config.zscaler.com/api/zscalertwo.net/cenr/json
165.225.94.0/23,https://config.zscaler.com/api/zscalertwo.net/cenr/json
165.225.96.0/23,https://config.zscaler.com/api/zscalertwo.net/cenr/json
165.225.102.0/24,https://config.zscaler.com/api/zscalertwo.net/cenr/json
165.225.104.0/24,https://config.zscaler.com/api/zscalertwo.net/cenr/json
165.225.106.0/23,https://config.zscaler.com/api/zscalertwo.net/cenr/json
165.225.108.0/23,https://config.zscaler.com/api/zscalertwo.net/cenr/json
165.225.110.0/23,https://config.zscaler.com/api/zscalertwo.net/cenr/json
165.225.112.0/23,https://config.zscaler.com/api/zscalertwo.net/cenr/json
165.225.114.0/23,https://config.zscaler.com/api/zscalertwo.net/cenr/json
165.225.116.0/23,https://config.zscaler.com/api/zscalertwo.net/cenr/json
165.225.120.0/23,https://config.zscaler.com/api/zscalertwo.net/cenr/json
165.225.122.0/23,https://config.zscaler.com/api/zscalertwo.net/cenr/json
165.225.124.0/23,https://config.zscaler.com/api/zscalertwo.net/cenr/json
165.225.192.0/23,https://config.zscaler.com/api/zscalertwo.net/cenr/json
165.225.194.0/23,https://config.zscaler.com/api/zscalertwo.net/cenr/json
165.225.196.0/23,https://config.zscaler.com/api/zscalertwo.net/cenr/json
165.225.198.0/23,https://config.zscaler.com/api/zscalertwo.net/cenr/json
165.225.200.0/23,https://config.zscaler.com/api/zscalertwo.net/cenr/json
165.225.202.0/23,https://config.zscaler.com/api/zscalertwo.net/cenr/json
165.225.204.0/23,https://config.zscaler.com/api/zscalertwo.net/cenr/json
165.225.206.0/23,https://config.zscaler.com/api/zscalertwo.net/cenr/json
165.225.208.0/23,https://config.zscaler.com/api/zscalertwo.net/cenr/json
165.225.210.0/23,https://config.zscaler.com/api/zscalertwo.net/cenr/json
165.225.212.0/23,https://config.zscaler.com/api/zscalertwo.net/cenr/json
165.225.214.0/23,https://config.zscaler.com/api/zscalertwo.net/cenr/json
165.225.216.0/23,https://config.zscaler.com/api/zscalertwo.net/cenr/json
165.225.218.0/23,https://config.zscaler.com/api/zscalertwo.net/cenr/json
165.225.220.0/23,https://config.zscaler.com/api/zscalertwo.net/cenr/json
165.225.222.0/23,https://config.zscaler.com/api/zscalertwo.net/cenr/json
165.225.226.0/23,https://config.zscaler.com/api/zscalertwo.net/cenr/json
165.225.228.0/23,https://config.zscaler.com/api/zscalertwo.net/cenr/json
165.225.230.0/23,https://config.zscaler.com/api/zscalertwo.net/cenr/json
165.225.232.0/23,https://config.zscaler.com/api/zscalertwo.net/cenr/json
165.225.234.0/23,https://config.zscaler.com/api/zscalertwo.net/cenr/json
165.225.238.0/23,https://config.zscaler.com/api/zscalertwo.net/cenr/json
165.225.240.0/23,https://config.zscaler.com/api/zscalertwo.net/cenr/json
165.225.242.0/23,https://config.zscaler.com/api/zscalertwo.net/cenr/json
165.225.246.0/23,https://config.zscaler.com/api/zscalertwo.net/cenr/json
165.225.248.0/23,https://config.zscaler.com/api/zscalertwo.net/cenr/json
167.103.0.0/23,https://config.zscaler.com/api/zscalertwo.net/cenr/json
167.103.2.0/23,https://config.zscaler.com/api/zscalertwo.net/cenr/json
167.103.4.0/23,https://config.zscaler.com/api/zscalertwo.net/cenr/json
167.103.6.0/23,https://config.zscaler.com/api/zscalertwo.net/cenr/json
167.103.8.0/23,https://config.zscaler.com/api/zscalertwo.net/cenr/json
167.103.10.0/23,https://config.zscaler.com/api/zscalertwo.net/cenr/json
167.103.12.0/23,https://config.zscaler.com/api/zscalertwo.net/cenr/json
167.103.14.0/23,https://config.zscaler.com/api/zscalertwo.net/cenr/json
167.103.16.0/23,https://config.zscaler.com/api/zscalertwo.net/cenr/json
167.103.18.0/23,https://config.zscaler.com/api/zscalertwo.net/cenr/json
167.103.20.0/23,https://config.zscaler.com/api/zscalertwo.net/cenr/json
167.103.22.0/23,https://config.zscaler.com/api/zscalertwo.net/cenr/json
167.103.24.0/23,https://config.zscaler.com/api/zscalertwo.net/cenr/json
167.103.26.0/23,https://config.zscaler.com/api/zscalertwo.net/cenr/json
167.103.28.0/23,https://config.zscaler.com/api/zscalertwo.net/cenr/json
167.103.42.0/23,https://config.zscaler.com/api/zscalertwo.net/cenr/json
167.103.44.0/23,https://config.zscaler.com/api/zscalertwo.net/cenr/json
167.103.46.0/23,https://config.zscaler.com/api/zscalertwo.net/cenr/json
167.103.54.0/23,https://config.zscaler.com/api/zscalertwo.net/cenr/json
167.103.56.0/23,https://config.zscaler.com/api/zscalertwo.net/cenr/json
167.103.58.0/23,https://config.zscaler.com/api/zscalertwo.net/cenr/json
167.103.60.0/23,https://config.zscaler.com/api/zscalertwo.net/cenr/json
167.103.62.0/23,https://config.zscaler.com/api/zscalertwo.net/cenr/json
167.103.64.0/23,https://config.zscaler.com/api/zscalertwo.net/cenr/json
167.103.66.0/23,https://config.zscaler.com/api/zscalertwo.net/cenr/json
167.103.68.0/23,https://config.zscaler.com/api/zscalertwo.net/cenr/json
167.103.70.0/23,https://config.zscaler.com/api/zscalertwo.net/cenr/json
167.103.72.0/23,https://config.zscaler.com/api/zscalertwo.net/cenr/json
167.103.74.0/23,https://config.zscaler.com/api/zscalertwo.net/cenr/json
167.103.76.0/23,https://config.zscaler.com/api/zscalertwo.net/cenr/json
167.103.78.0/23,https://config.zscaler.com/api/zscalertwo.net/cenr/json
167.103.80.0/23,https://config.zscaler.com/api/zscalertwo.net/cenr/json
167.103.82.0/23,https://config.zscaler.com/api/zscalertwo.net/cenr/json
167.103.88.0/23,https://config.zscaler.com/api/zscalertwo.net/cenr/json
167.103.96.0/23,https://config.zscaler.com/api/zscalertwo.net/cenr/json
167.103.98.0/23,https://config.zscaler.com/api/zscalertwo.net/cenr/json
167.103.100.0/23,https://config.zscaler.com/api/zscalertwo.net/cenr/json
167.103.102.0/23,https://config.zscaler.com/api/zscalertwo.net/cenr/json
167.103.104.0/23,https://config.zscaler.com/api/zscalertwo.net/cenr/json
167.103.106.0/23,https://config.zscaler.com/api/zscalertwo.net/cenr/json
167.103.118.0/23,https://config.zscaler.com/api/zscalertwo.net/cenr/json
167.103.120.0/23,https://config.zscaler.com/api/zscalertwo.net/cenr/json
167.103.122.0/23,https://config.zscaler.com/api/zscalertwo.net/cenr/json
167.103.126.0/23,https://config.zscaler.com/api/zscalertwo.net/cenr/json
167.103.128.0/23,https://config.zscaler.com/api/zscalertwo.net/cenr/json
167.103.130.0/23,https://config.zscaler.com/api/zscalertwo.net/cenr/json
167.103.132.0/23,https://config.zscaler.com/api/zscalertwo.net/cenr/json
167.103.134.0/23,https://config.zscaler.com/api/zscalertwo.net/cenr/json
167.103.136.0/23,https://config.zscaler.com/api/zscalertwo.net/cenr/json
167.103.138.0/23,https://config.zscaler.com/api/zscalertwo.net/cenr/json
167.103.140.0/23,https://config.zscaler.com/api/zscalertwo.net/cenr/json
167.103.156.0/23,https://config.zscaler.com/api/zscalertwo.net/cenr/json
167.103.160.0/23,https://config.zscaler.com/api/zscalertwo.net/cenr/json
167.103.162.0/23,https://config.zscaler.com/api/zscalertwo.net/cenr/json
167.103.186.0/23,https://config.zscaler.com/api/zscalertwo.net/cenr/json
167.103.188.0/23,https://config.zscaler.com/api/zscalertwo.net/cenr/json
167.103.196.0/23,https://config.zscaler.com/api/zscalertwo.net/cenr/json
167.103.198.0/23,https://config.zscaler.com/api/zscalertwo.net/cenr/json
167.103.200.0/23,https://config.zscaler.com/api/zscalertwo.net/cenr/json
167.103.202.0/23,https://config.zscaler.com/api/zscalertwo.net/cenr/json
167.103.204.0/23,https://config.zscaler.com/api/zscalertwo.net/cenr/json
167.103.206.0/23,https://config.zscaler.com/api/zscalertwo.net/cenr/json
167.103.208.0/23,https://config.zscaler.com/api/zscalertwo.net/cenr/json
167.103.210.0/23,https://config.zscaler.com/api/zscalertwo.net/cenr/json
167.103.214.0/23,https://config.zscaler.com/api/zscalertwo.net/cenr/json
167.103.218.0/23,https://config.zscaler.com/api/zscalertwo.net/cenr/json
167.103.222.0/23,https://config.zscaler.com/api/zscalertwo.net/cenr/json
167.103.226.0/23,https://config.zscaler.com/api/zscalertwo.net/cenr/json
167.103.230.0/23,https://config.zscaler.com/api/zscalertwo.net/cenr/json
167.103.232.0/23,https://config.zscaler.com/api/zscalertwo.net/cenr/json
167.103.234.0/23,https://config.zscaler.com/api/zscalertwo.net/cenr/json
167.103.248.0/23,https://config.zscaler.com/api/zscalertwo.net/cenr/json
167.103.250.0/23,https://config.zscaler.com/api/zscalertwo.net/cenr/json
167.103.252.0/23,https://config.zscaler.com/api/zscalertwo.net/cenr/json
167.103.254.0/23,https://config.zscaler.com/api/zscalertwo.net/cenr/json
170.85.0.0/23,https://config.zscaler.com/api/zscalertwo.net/cenr/json
170.85.2.0/23,https://config.zscaler.com/api/zscalertwo.net/cenr/json
170.85.4.0/23,https://config.zscaler.com/api/zscalertwo.net/cenr/json
170.85.6.0/23,https://config.zscaler.com/api/zscalertwo.net/cenr/json
170.85.8.0/23,https://config.zscaler.com/api/zscalertwo.net/cenr/json
170.85.10.0/23,https://config.zscaler.com/api/zscalertwo.net/cenr/json
170.85.12.0/23,https://config.zscaler.com/api/zscalertwo.net/cenr/json
170.85.14.0/23,https://config.zscaler.com/api/zscalertwo.net/cenr/json
170.85.16.0/23,https://config.zscaler.com/api/zscalertwo.net/cenr/json
170.85.18.0/23,https://config.zscaler.com/api/zscalertwo.net/cenr/json
170.85.20.0/23,https://config.zscaler.com/api/zscalertwo.net/cenr/json
170.85.22.0/23,https://config.zscaler.com/api/zscalertwo.net/cenr/json
170.85.24.0/23,https://config.zscaler.com/api/zscalertwo.net/cenr/json
170.85.26.0/23,https://config.zscaler.com/api/zscalertwo.net/cenr/json
170.85.28.0/23,https://config.zscaler.com/api/zscalertwo.net/cenr/json
170.85.30.0/23,https://config.zscaler.com/api/zscalertwo.net/cenr/json
170.85.54.0/23,https://config.zscaler.com/api/zscalertwo.net/cenr/json
170.85.56.0/23,https://config.zscaler.com/api/zscalertwo.net/cenr/json
170.85.58.0/23,https://config.zscaler.com/api/zscalertwo.net/cenr/json
170.85.62.0/23,https://config.zscaler.com/api/zscalertwo.net/cenr/json
170.85.64.0/23,https://config.zscaler.com/api/zscalertwo.net/cenr/json
170.85.66.0/23,https://config.zscaler.com/api/zscalertwo.net/cenr/json
170.85.68.0/23,https://config.zscaler.com/api/zscalertwo.net/cenr/json
170.85.70.0/23,https://config.zscaler.com/api/zscalertwo.net/cenr/json
170.85.72.0/23,https://config.zscaler.com/api/zscalertwo.net/cenr/json
170.85.74.0/23,https://config.zscaler.com/api/zscalertwo.net/cenr/json
170.85.76.0/23,https://config.zscaler.com/api/zscalertwo.net/cenr/json
170.85.78.0/23,https://config.zscaler.com/api/zscalertwo.net/cenr/json
170.85.84.0/23,https://config.zscaler.com/api/zscalertwo.net/cenr/json
170.85.86.0/23,https://config.zscaler.com/api/zscalertwo.net/cenr/json
170.85.88.0/23,https://config.zscaler.com/api/zscalertwo.net/cenr/json
170.85.90.0/23,https://config.zscaler.com/api/zscalertwo.net/cenr/json
170.85.92.0/23,https://config.zscaler.com/api/zscalertwo.net/cenr/json
170.85.94.0/23,https://config.zscaler.com/api/zscalertwo.net/cenr/json
170.85.96.0/23,https://config.zscaler.com/api/zscalertwo.net/cenr/json
170.85.98.0/23,https://config.zscaler.com/api/zscalertwo.net/cenr/json
170.85.100.0/23,https://config.zscaler.com/api/zscalertwo.net/cenr/json
170.85.102.0/23,https://config.zscaler.com/api/zscalertwo.net/cenr/json
170.85.104.0/23,https://config.zscaler.com/api/zscalertwo.net/cenr/json
170.85.106.0/23,https://config.zscaler.com/api/zscalertwo.net/cenr/json
170.85.108.0/23,https://config.zscaler.com/api/zscalertwo.net/cenr/json
170.85.110.0/23,https://config.zscaler.com/api/zscalertwo.net/cenr/json
170.85.112.0/23,https://config.zscaler.com/api/zscalertwo.net/cenr/json
170.85.114.0/23,https://config.zscaler.com/api/zscalertwo.net/cenr/json
170.85.128.0/23,https://config.zscaler.com/api/zscalertwo.net/cenr/json
170.85.130.0/23,https://config.zscaler.com/api/zscalertwo.net/cenr/json
170.85.132.0/23,https://config.zscaler.com/api/zscalertwo.net/cenr/json
170.85.134.0/23,https://config.zscaler.com/api/zscalertwo.net/cenr/json
170.85.136.0/23,https://config.zscaler.com/api/zscalertwo.net/cenr/json
170.85.138.0/23,https://config.zscaler.com/api/zscalertwo.net/cenr/json
170.85.142.0/23,https://config.zscaler.com/api/zscalertwo.net/cenr/json
170.85.144.0/23,https://config.zscaler.com/api/zscalertwo.net/cenr/json
170.85.146.0/23,https://config.zscaler.com/api/zscalertwo.net/cenr/json
170.85.148.0/23,https://config.zscaler.com/api/zscalertwo.net/cenr/json
170.85.150.0/23,https://config.zscaler.com/api/zscalertwo.net/cenr/json
170.85.152.0/23,https://config.zscaler.com/api/zscalertwo.net/cenr/json
170.85.154.0/23,https://config.zscaler.com/api/zscalertwo.net/cenr/json
170.85.182.0/23,https://config.zscaler.com/api/zscalertwo.net/cenr/json
170.85.188.0/23,https://config.zscaler.com/api/zscalertwo.net/cenr/json
170.85.190.0/23,https://config.zscaler.com/api/zscalertwo.net/cenr/json
170.85.200.0/23,https://config.zscaler.com/api/zscalertwo.net/cenr/json
170.85.202.0/23,https://config.zscaler.com/api/zscalertwo.net/cenr/json
170.85.204.0/23,https://config.zscaler.com/api/zscalertwo.net/cenr/json
170.85.206.0/23,https://config.zscaler.com/api/zscalertwo.net/cenr/json
170.85.228.0/23,https://config.zscaler.com/api/zscalertwo.net/cenr/json
170.85.230.0/23,https://config.zscaler.com/api/zscalertwo.net/cenr/json
170.85.232.0/23,https://config.zscaler.com/api/zscalertwo.net/cenr/json
170.85.234.0/23,https://config.zscaler.com/api/zscalertwo.net/cenr/json
170.85.238.0/23,https://config.zscaler.com/api/zscalertwo.net/cenr/json
170.85.240.0/23,https://config.zscaler.com/api/zscalertwo.net/cenr/json
170.85.242.0/23,https://config.zscaler.com/api/zscalertwo.net/cenr/json
170.85.244.0/23,https://config.zscaler.com/api/zscalertwo.net/cenr/json
175.107.132.0/23,https://config.zscaler.com/api/zscalertwo.net/cenr/json
175.107.136.0/23,https://config.zscaler.com/api/zscalertwo.net/cenr/json
175.107.138.0/23,https://config.zscaler.com/api/zscalertwo.net/cenr/json
175.107.140.0/23,https://config.zscaler.com/api/zscalertwo.net/cenr/json
175.107.142.0/23,https://config.zscaler.com/api/zscalertwo.net/cenr/json
175.107.144.0/23,https://config.zscaler.com/api/zscalertwo.net/cenr/json
175.107.146.0/23,https://config.zscaler.com/api/zscalertwo.net/cenr/json
175.107.148.0/23,https://config.zscaler.com/api/zscalertwo.net/cenr/json
175.107.150.0/23,https://config.zscaler.com/api/zscalertwo.net/cenr/json
175.107.152.0/23,https://config.zscaler.com/api/zscalertwo.net/cenr/json
175.107.154.0/23,https://config.zscaler.com/api/zscalertwo.net/cenr/json
175.107.156.0/23,https://config.zscaler.com/api/zscalertwo.net/cenr/json
175.107.158.0/23,https://config.zscaler.com/api/zscalertwo.net/cenr/json
175.107.160.0/23,https://config.zscaler.com/api/zscalertwo.net/cenr/json
175.107.162.0/23,https://config.zscaler.com/api/zscalertwo.net/cenr/json
175.107.164.0/23,https://config.zscaler.com/api/zscalertwo.net/cenr/json
175.107.166.0/23,https://config.zscaler.com/api/zscalertwo.net/cenr/json
175.107.168.0/23,https://config.zscaler.com/api/zscalertwo.net/cenr/json
185.46.212.0/23,https://config.zscaler.com/api/zscalertwo.net/cenr/json
194.9.96.0/23,https://config.zscaler.com/api/zscalertwo.net/cenr/json
194.9.98.0/23,https://config.zscaler.com/api/zscalertwo.net/cenr/json
194.9.100.0/23,https://config.zscaler.com/api/zscalertwo.net/cenr/json
194.9.102.0/23,https://config.zscaler.com/api/zscalertwo.net/cenr/json
194.9.104.0/23,https://config.zscaler.com/api/zscalertwo.net/cenr/json
194.9.106.0/23,https://config.zscaler.com/api/zscalertwo.net/cenr/json
194.9.108.0/23,https://config.zscaler.com/api/zscalertwo.net/cenr/json
194.9.110.0/23,https://config.zscaler.com/api/zscalertwo.net/cenr/json
194.9.112.0/23,https://config.zscaler.com/api/zscalertwo.net/cenr/json
194.9.114.0/23,https://config.zscaler.com/api/zscalertwo.net/cenr/json
198.14.68.0/23,https://config.zscaler.com/api/zscalertwo.net/cenr/json
198.14.80.0/23,https://config.zscaler.com/api/zscalertwo.net/cenr/json
198.14.82.0/23,https://config.zscaler.com/api/zscalertwo.net/cenr/json
198.14.88.0/23,https://config.zscaler.com/api/zscalertwo.net/cenr/json
198.14.90.0/23,https://config.zscaler.com/api/zscalertwo.net/cenr/json
205.220.0.0/23,https://config.zscaler.com/api/zscalertwo.net/cenr/json
205.220.2.0/23,https://config.zscaler.com/api/zscalertwo.net/cenr/json
205.220.4.0/23,https://config.zscaler.com/api/zscalertwo.net/cenr/json
205.220.6.0/23,https://config.zscaler.com/api/zscalertwo.net/cenr/json
205.220.8.0/23,https://config.zscaler.com/api/zscalertwo.net/cenr/json
205.220.16.0/23,https://config.zscaler.com/api/zscalertwo.net/cenr/json
205.220.18.0/23,https://config.zscaler.com/api/zscalertwo.net/cenr/json
205.220.20.0/23,https://config.zscaler.com/api/zscalertwo.net/cenr/json
205.220.22.0/23,https://config.zscaler.com/api/zscalertwo.net/cenr/json
205.220.24.0/23,https://config.zscaler.com/api/zscalertwo.net/cenr/json
205.220.26.0/23,https://config.zscaler.com/api/zscalertwo.net/cenr/json
205.220.28.0/23,https://config.zscaler.com/api/zscalertwo.net/cenr/json
205.220.30.0/23,https://config.zscaler.com/api/zscalertwo.net/cenr/json
205.220.32.0/23,https://config.zscaler.com/api/zscalertwo.net/cenr/json
205.220.34.0/23,https://config.zscaler.com/api/zscalertwo.net/cenr/json
205.220.36.0/23,https://config.zscaler.com/api/zscalertwo.net/cenr/json
205.220.38.0/23,https://config.zscaler.com/api/zscalertwo.net/cenr/json
205.220.40.0/23,https://config.zscaler.com/api/zscalertwo.net/cenr/json
205.220.42.0/23,https://config.zscaler.com/api/zscalertwo.net/cenr/json
205.220.46.0/23,https://config.zscaler.com/api/zscalertwo.net/cenr/json
205.220.48.0/23,https://config.zscaler.com/api/zscalertwo.net/cenr/json
205.220.50.0/23,https://config.zscaler.com/api/zscalertwo.net/cenr/json
205.220.58.0/23,https://config.zscaler.com/api/zscalertwo.net/cenr/json
205.220.60.0/23,https://config.zscaler.com/api/zscalertwo.net/cenr/json
205.220.62.0/23,https://config.zscaler.com/api/zscalertwo.net/cenr/json
205.220.64.0/23,https://config.zscaler.com/api/zscalertwo.net/cenr/json
205.220.66.0/23,https://config.zscaler.com/api/zscalertwo.net/cenr/json
205.220.70.0/23,https://config.zscaler.com/api/zscalertwo.net/cenr/json
205.220.72.0/23,https://config.zscaler.com/api/zscalertwo.net/cenr/json
205.220.74.0/23,https://config.zscaler.com/api/zscalertwo.net/cenr/json
205.220.76.0/23,https://config.zscaler.com/api/zscalertwo.net/cenr/json
205.220.78.0/23,https://config.zscaler.com/api/zscalertwo.net/cenr/json
205.220.80.0/23,https://config.zscaler.com/api/zscalertwo.net/cenr/json
205.220.84.0/23,https://config.zscaler.com/api/zscalertwo.net/cenr/json
205.220.86.0/23,https://config.zscaler.com/api/zscalertwo.net/cenr/json
211.144.19.0/24,https://config.zscaler.com/api/zscalertwo.net/cenr/json
220.243.154.0/23,https://config.zscaler.com/api/zscalertwo.net/cenr/json
221.122.91.0/24,https://config.zscaler.com/api/zscalertwo.net/cenr/json
2400:7aa0:1200::/40,https://config.zscaler.com/api/zscalertwo.net/cenr/json
2400:7aa0:1300::/40,https://config.zscaler.com/api/zscalertwo.net/cenr/json
2400:7aa0:1319::/48,https://config.zscaler.com/api/zscalertwo.net/cenr/json
2400:7aa0:131a::/48,https://config.zscaler.com/api/zscalertwo.net/cenr/json
2400:7aa0:1400::/40,https://config.zscaler.com/api/zscalertwo.net/cenr/json
2400:7aa0:1500::/40,https://config.zscaler.com/api/zscalertwo.net/cenr/json
2400:7aa0:1600::/40,https://config.zscaler.com/api/zscalertwo.net/cenr/json
2400:7aa0:1700::/40,https://config.zscaler.com/api/zscalertwo.net/cenr/json
2400:7aa0:1800::/40,https://config.zscaler.com/api/zscalertwo.net/cenr/json
2400:7aa0:1900::/40,https://config.zscaler.com/api/zscalertwo.net/cenr/json
2400:7aa0:1a00::/40,https://config.zscaler.com/api/zscalertwo.net/cenr/json
2400:7aa0:1b00::/40,https://config.zscaler.com/api/zscalertwo.net/cenr/json
2400:7aa0:1c00::/40,https://config.zscaler.com/api/zscalertwo.net/cenr/json
2400:7aa0:1d00::/40,https://config.zscaler.com/api/zscalertwo.net/cenr/json
2400:7aa0:1d13::/48,https://config.zscaler.com/api/zscalertwo.net/cenr/json
2400:7aa0:1e00::/40,https://config.zscaler.com/api/zscalertwo.net/cenr/json
2400:7aa0:1f00::/40,https://config.zscaler.com/api/zscalertwo.net/cenr/json
2400:7aa0:2200::/40,https://config.zscaler.com/api/zscalertwo.net/cenr/json
2400:7aa0:2300::/40,https://config.zscaler.com/api/zscalertwo.net/cenr/json
2400:7aa0:2400::/40,https://config.zscaler.com/api/zscalertwo.net/cenr/json
2400:7aa0:2500::/40,https://config.zscaler.com/api/zscalertwo.net/cenr/json
2400:7aa0:2600::/40,https://config.zscaler.com/api/zscalertwo.net/cenr/json
2400:7aa0:2900::/40,https://config.zscaler.com/api/zscalertwo.net/cenr/json
2400:7aa0:2b00::/40,https://config.zscaler.com/api/zscalertwo.net/cenr/json
2400:7aa0:2c00::/40,https://config.zscaler.com/api/zscalertwo.net/cenr/json
2605:4300:1200::/40,https://config.zscaler.com/api/zscalertwo.net/cenr/json
2605:4300:1300::/40,https://config.zscaler.com/api/zscalertwo.net/cenr/json
2605:4300:1400::/40,https://config.zscaler.com/api/zscalertwo.net/cenr/json
2605:4300:1b00::/40,https://config.zscaler.com/api/zscalertwo.net/cenr/json
2605:4300:1c00::/40,https://config.zscaler.com/api/zscalertwo.net/cenr/json
2605:4300:1d00::/40,https://config.zscaler.com/api/zscalertwo.net/cenr/json
2605:4300:1e00::/40,https://config.zscaler.com/api/zscalertwo.net/cenr/json
2605:4300:1f00::/40,https://config.zscaler.com/api/zscalertwo.net/cenr/json
2605:4300:2200::/40,https://config.zscaler.com/api/zscalertwo.net/cenr/json
2605:4300:2300::/40,https://config.zscaler.com/api/zscalertwo.net/cenr/json
2605:4300:2400::/40,https://config.zscaler.com/api/zscalertwo.net/cenr/json
2605:4300:2500::/40,https://config.zscaler.com/api/zscalertwo.net/cenr/json
2605:4300:2600::/40,https://config.zscaler.com/api/zscalertwo.net/cenr/json
2605:4300:2700::/40,https://config.zscaler.com/api/zscalertwo.net/cenr/json
2605:4300:2800::/40,https://config.zscaler.com/api/zscalertwo.net/cenr/json
2605:4300:2900::/40,https://config.zscaler.com/api/zscalertwo.net/cenr/json
2605:4300:2a00::/40,https://config.zscaler.com/api/zscalertwo.net/cenr/json
2605:4300:2b00::/40,https://config.zscaler.com/api/zscalertwo.net/cenr/json
2605:4300:2d00::/40,https://config.zscaler.com/api/zscalertwo.net/cenr/json
2605:4300:2e00::/40,https://config.zscaler.com/api/zscalertwo.net/cenr/json
2605:4300:2f00::/40,https://config.zscaler.com/api/zscalertwo.net/cenr/json
2605:4300:3200::/40,https://config.zscaler.com/api/zscalertwo.net/cenr/json
2605:4300:3700::/40,https://config.zscaler.com/api/zscalertwo.net/cenr/json
2605:4300:3800::/40,https://config.zscaler.com/api/zscalertwo.net/cenr/json
2605:4300:e200::/40,https://config.zscaler.com/api/zscalertwo.net/cenr/json
2605:4300:e300::/40,https://config.zscaler.com/api/zscalertwo.net/cenr/json
2605:4300:e400::/40,https://config.zscaler.com/api/zscalertwo.net/cenr/json
2605:4300:e700::/40,https://config.zscaler.com/api/zscalertwo.net/cenr/json
2a03:eec0:1200::/40,https://config.zscaler.com/api/zscalertwo.net/cenr/json
2a03:eec0:1300::/40,https://config.zscaler.com/api/zscalertwo.net/cenr/json
2a03:eec0:1400::/40,https://config.zscaler.com/api/zscalertwo.net/cenr/json
2a03:eec0:1500::/40,https://config.zscaler.com/api/zscalertwo.net/cenr/json
2a03:eec0:1600::/40,https://config.zscaler.com/api/zscalertwo.net/cenr/json
2a03:eec0:1700::/40,https://config.zscaler.com/api/zscalertwo.net/cenr/json
2a03:eec0:1800::/40,https://config.zscaler.com/api/zscalertwo.net/cenr/json
2a03:eec0:1900::/40,https://config.zscaler.com/api/zscalertwo.net/cenr/json
2a03:eec0:1a00::/40,https://config.zscaler.com/api/zscalertwo.net/cenr/json
2a03:eec0:1b00::/40,https://config.zscaler.com/api/zscalertwo.net/cenr/json
2a03:eec0:1c00::/40,https://config.zscaler.com/api/zscalertwo.net/cenr/json
2a03:eec0:1d00::/40,https://config.zscaler.com/api/zscalertwo.net/cenr/json
2a03:eec0:1e00::/40,https://config.zscaler.com/api/zscalertwo.net/cenr/json
2a03:eec0:1f00::/40,https://config.zscaler.com/api/zscalertwo.net/cenr/json
2a03:eec0:2200::/40,https://config.zscaler.com/api/zscalertwo.net/cenr/json
2a03:eec0:2300::/40,https://config.zscaler.com/api/zscalertwo.net/cenr/json
2a03:eec0:2500::/40,https://config.zscaler.com/api/zscalertwo.net/cenr/json
2a03:eec0:2600::/40,https://config.zscaler.com/api/zscalertwo.net/cenr/json
2a03:eec0:2700::/40,https://config.zscaler.com/api/zscalertwo.net/cenr/json
2a03:eec0:2800::/40,https://config.zscaler.com/api/zscalertwo.net/cenr/json
2a03:eec0:2900::/40,https://config.zscaler.com/api/zscalertwo.net/cenr/json
2a03:eec0:2a00::/40,https://config.zscaler.com/api/zscalertwo.net/cenr/json
2a03:eec0:2b00::/40,https://config.zscaler.com/api/zscalertwo.net/cenr/json
2a03:eec0:2c00::/40,https://config.zscaler.com/api/zscalertwo.net/cenr/json
2a03:eec0:2d00::/40,https://config.zscaler.com/api/zscalertwo.net/cenr/json
2a03:eec0:2e00::/40,https://config.zscaler.com/api/zscalertwo.net/cenr/json
2a03:eec0:2f00::/40,https://config.zscaler.com/api/zscalertwo.net/cenr/json
2a03:eec0:3000::/40,https://config.zscaler.com/api/zscalertwo.net/cenr/json
2a03:eec0:3100::/40,https://config.zscaler.com/api/zscalertwo.net/cenr/json
2a03:eec0:3210::/48,https://config.zscaler.com/api/zscalertwo.net/cenr/json
2a03:eec0:3211::/48,https://config.zscaler.com/api/zscalertwo.net/cenr/json
2a03:eec0:3212::/48,https://config.zscaler.com/api/zscalertwo.net/cenr/json
2a03:eec0:3213::/48,https://config.zscaler.com/api/zscalertwo.net/cenr/json
2a03:eec0:3215::/48,https://config.zscaler.com/api/zscalertwo.net/cenr/json
2a03:eec0:3216::/48,https://config.zscaler.com/api/zscalertwo.net/cenr/json
2a03:eec0:321d::/48,https://config.zscaler.com/api/zscalertwo.net/cenr/json
2a03:eec0:3222::/48,https://config.zscaler.com/api/zscalertwo.net/cenr/json
2a03:eec0:3223::/48,https://config.zscaler.com/api/zscalertwo.net/cenr/json
2a03:eec0:3225::/48,https://config.zscaler.com/api/zscalertwo.net/cenr/json
2a03:eec0:3227::/48,https://config.zscaler.com/api/zscalertwo.net/cenr/json
2a03:eec0:3229::/48,https://config.zscaler.com/api/zscalertwo.net/cenr/json
2a03:eec0:322b::/48,https://config.zscaler.com/api/zscalertwo.net/cenr/json
2a03:eec0:322d::/48,https://config.zscaler.com/api/zscalertwo.net/cenr/json
2a03:eec0:3300::/40,https://config.zscaler.com/api/zscalertwo.net/cenr/json
2a03:eec0:3400::/40,https://config.zscaler.com/api/zscalertwo.net/cenr/json
2a03:eec0:3800::/40,https://config.zscaler.com/api/zscalertwo.net/cenr/json
