dest_ip,dest_port,metadata_type,metadata_country
103.178.221.217,8080,HTTP/HTTPS,Bangladesh - Dhaka
182.160.105.46,14157,HTTP/HTTPS,Bangladesh - Dhaka
58.147.171.12,8085,HTTP/HTTPS,Bangladesh
45.124.15.9,8080,HTTP/HTTPS,Bangladesh
103.17.150.49,8080,HTTP/HTTPS,Bangladesh
27.147.218.162,8080,HTTP/HTTPS,Bangladesh
103.129.202.102,8080,HTTP/HTTPS,Bangladesh
45.125.222.81,8080,HTTP/HTTPS,Bangladesh - Mymensingh
103.104.142.165,8080,HTTP/HTTPS,Bangladesh
103.85.183.3,4995,HTTP/HTTPS,Bangladesh
103.112.54.21,58080,HTTP/HTTPS,Bangladesh - Dhaka
103.245.109.57,39355,HTTP/HTTPS,Bangladesh - Dhaka
43.251.84.242,8080,HTTP/HTTPS,Bangladesh
103.161.151.114,80,HTTP/HTTPS,Bangladesh
113.11.2.108,8080,HTTP/HTTPS,Bangladesh - Dhaka
103.125.31.222,80,HTTP/HTTPS,Bangladesh
114.31.15.19,2024,HTTP/HTTPS,Bangladesh - Nilphamari
103.138.145.34,80,HTTP/HTTPS,Bangladesh
115.127.95.82,8080,HTTP/HTTPS,Bangladesh - Dhaka
103.77.60.10,8080,HTTP/HTTPS,Bangladesh
203.96.226.154,8080,HTTP/HTTPS,Bangladesh
103.122.142.174,8080,HTTP/HTTPS,Bangladesh
103.19.130.50,8080,HTTP/HTTPS,Bangladesh
103.231.239.6,58080,HTTP/HTTPS,Bangladesh
103.140.234.38,8080,HTTP/HTTPS,Bangladesh
180.211.161.110,8080,HTTP/HTTPS,Bangladesh
163.227.144.240,8080,HTTP/HTTPS,Bangladesh
143.255.111.114,3128,HTTP/HTTPS,Brazil - Brasília
201.76.9.115,8080,HTTP/HTTPS,Brazil - Criciúma
191.37.66.225,8080,HTTP/HTTPS,Brazil - Taboão da Serra
200.115.100.33,8080,HTTP/HTTPS,Brazil - São Paulo
168.138.147.179,3128,HTTP/HTTPS,Brazil - São Paulo
177.190.189.26,44443,HTTP/HTTPS,Brazil - Montanha
45.174.176.161,8088,HTTP/HTTPS,Brazil - São Miguel do Fidalgo
45.236.215.111,60955,HTTP/HTTPS,Brazil - Querência
143.255.147.242,8080,HTTP/HTTPS,Brazil - Sombrio
206.62.64.34,8080,HTTP/HTTPS,Brazil - Maringá
45.70.4.89,8081,HTTP/HTTPS,Brazil - Serra Talhada
177.184.199.36,80,HTTP/HTTPS,Brazil - São Paulo
177.184.195.168,8080,HTTP/HTTPS,Brazil - Brasília
179.255.223.169,8080,HTTP/HTTPS,Brazil - Ji Paraná
201.62.82.4,8080,HTTP/HTTPS,Brazil - Marília
45.168.49.2,8080,HTTP/HTTPS,Brazil - Caxias
45.163.238.254,8080,HTTP/HTTPS,Brazil - Rio de Janeiro
187.49.176.141,8080,HTTP/HTTPS,Brazil - Fortaleza
187.84.176.20,8080,HTTP/HTTPS,Brazil - Brasília
200.139.91.250,3128,HTTP/HTTPS,Brazil - Belo Horizonte
45.161.201.202,3386,HTTP/HTTPS,Brazil - Nova Hartz
200.174.198.32,8888,HTTP/HTTPS,Brazil - São Paulo
45.7.13.162,8080,HTTP/HTTPS,Brazil - Campo Novo do Parecis
191.7.216.210,8080,HTTP/HTTPS,Brazil - Granja
187.19.200.217,8090,HTTP/HTTPS,Brazil - Riacho de Santana
179.48.11.6,8085,HTTP/HTTPS,Brazil - Campo Maior
45.175.59.17,61950,HTTP/HTTPS,Brazil - Fortaleza
179.228.241.22,8080,HTTP/HTTPS,Brazil - São Paulo
177.130.104.86,33333,HTTP/HTTPS,Brazil - Presidente Prudente
201.20.67.70,8080,HTTP/HTTPS,Brazil - Fortaleza
186.215.87.194,30007,HTTP/HTTPS,Brazil - Campo Grande
168.197.182.222,8080,HTTP/HTTPS,Brazil - Elesbão Veloso
131.72.69.209,8080,HTTP/HTTPS,Brazil - Euclides da Cunha
177.125.210.246,8080,HTTP/HTTPS,Brazil - Campo Mourão
187.111.144.102,8080,HTTP/HTTPS,Brazil - São Sebastião do Caí
179.61.98.3,999,HTTP/HTTPS,Chile - Talca
204.199.140.28,999,HTTP/HTTPS,Chile - Villa Alegre
45.4.3.6,999,HTTP/HTTPS,Chile - San José de Tango
204.199.140.15,999,HTTP/HTTPS,Chile - Santiago
200.95.184.62,999,HTTP/HTTPS,Chile - Chillán
190.102.233.100,999,HTTP/HTTPS,Chile - Santiago
200.95.184.50,999,HTTP/HTTPS,Chile - Chillan
45.4.0.59,999,HTTP/HTTPS,Chile - Santiago
204.199.139.76,999,HTTP/HTTPS,Chile - Isla de Maipo
200.95.184.58,999,HTTP/HTTPS,Chile - Chillán
200.39.139.65,999,HTTP/HTTPS,Chile - Santiago
204.199.140.14,999,HTTP/HTTPS,Chile - Santiago
190.54.100.74,8080,HTTP/HTTPS,Chile - Santiago
200.54.22.74,8080,HTTP/HTTPS,Chile - Santiago
45.225.184.206,999,HTTP/HTTPS,Chile - Melipilla
204.199.140.26,999,HTTP/HTTPS,Chile - Villa Alegre
47.116.210.163,5060,HTTP/HTTPS,China - Shanghai
120.26.104.146,8008,HTTP/HTTPS,China - Hangzhou
47.92.194.235,8118,HTTP/HTTPS,China - Beijing
121.43.109.88,8047,HTTP/HTTPS,China - Hangzhou
39.102.214.152,3333,HTTP/HTTPS,China - Beijing
39.102.208.189,8085,HTTP/HTTPS,China - Beijing
39.102.208.149,12000,HTTP/HTTPS,China - Beijing
39.102.208.189,8008,HTTP/HTTPS,China - Beijing
106.14.104.220,3128,HTTP/HTTPS,China - Shanghai
39.102.211.162,80,HTTP/HTTPS,China - Beijing
106.14.91.83,4000,HTTP/HTTPS,China - Shanghai
39.104.57.33,20002,HTTP/HTTPS,China - Beijing
106.14.104.220,5005,HTTP/HTTPS,China - Shanghai
106.14.104.220,20000,HTTP/HTTPS,China - Shanghai
183.240.46.42,80,HTTP/HTTPS,China
47.98.242.7,84,HTTP/HTTPS,China - Hangzhou
8.137.62.53,8008,HTTP/HTTPS,China - Chengdu
47.119.22.156,8081,HTTP/HTTPS,China - Shenzhen
39.102.213.50,9080,HTTP/HTTPS,China - Beijing
47.99.112.148,8060,HTTP/HTTPS,China - Hangzhou
47.99.112.148,8800,HTTP/HTTPS,China - Hangzhou
47.99.112.148,8008,HTTP/HTTPS,China - Hangzhou
39.104.16.201,9098,HTTP/HTTPS,China - Beijing
8.148.23.165,1234,HTTP/HTTPS,China - Hangzhou
47.92.152.43,12000,HTTP/HTTPS,China - Beijing
47.92.82.167,1088,HTTP/HTTPS,China - Beijing
39.102.213.213,57114,HTTP/HTTPS,China - Beijing
101.200.158.109,3128,HTTP/HTTPS,China - Beijing
8.130.34.44,8888,HTTP/HTTPS,China - Beijing
101.200.158.109,80,HTTP/HTTPS,China - Beijing
39.104.27.89,8081,HTTP/HTTPS,China - Beijing
8.137.13.191,8080,HTTP/HTTPS,China - Chengdu
47.119.19.221,9098,HTTP/HTTPS,China - Shenzhen
114.215.127.92,9080,HTTP/HTTPS,China - Qingdao
8.148.4.166,8443,HTTP/HTTPS,China - Hangzhou
38.191.42.201,999,HTTP/HTTPS,Colombia - Cúcuta
190.60.60.219,8080,HTTP/HTTPS,Colombia - Cereté
190.2.209.61,999,HTTP/HTTPS,Colombia - Bogotá
190.7.138.78,8080,HTTP/HTTPS,Colombia - Medellín
181.78.75.84,999,HTTP/HTTPS,Colombia - Bogotá
45.167.126.105,999,HTTP/HTTPS,Colombia - Popayán
191.102.107.238,999,HTTP/HTTPS,Colombia - Quibdó
200.116.198.222,9812,HTTP/HTTPS,Colombia - Manizales
190.60.45.79,999,HTTP/HTTPS,Colombia - Medellín
191.97.14.189,999,HTTP/HTTPS,Colombia - Ibagué
201.184.128.170,8080,HTTP/HTTPS,Colombia - Medellín
181.143.181.35,8080,HTTP/HTTPS,Colombia - Bogotá
45.173.12.141,1994,HTTP/HTTPS,Colombia - San Gil
181.204.81.181,999,HTTP/HTTPS,Colombia - Pereira
190.61.41.182,999,HTTP/HTTPS,Colombia - Bogotá
181.174.231.30,999,HTTP/HTTPS,Colombia - Pitalito
138.117.85.217,999,HTTP/HTTPS,Colombia - Pitalito
190.60.36.210,999,HTTP/HTTPS,Colombia - Bogotá
181.79.81.104,8080,HTTP/HTTPS,Colombia - Bogotá
131.100.48.73,999,HTTP/HTTPS,Colombia - Florencia
181.204.39.202,26312,HTTP/HTTPS,Colombia - Bucaramanga
181.49.100.190,8080,HTTP/HTTPS,Colombia - Bogotá
45.173.6.233,999,HTTP/HTTPS,Colombia - Guasca
207.230.8.68,999,HTTP/HTTPS,Colombia - Montería
181.143.42.138,8080,HTTP/HTTPS,Colombia - Medellín
179.32.62.127,999,HTTP/HTTPS,Colombia - Medellín
179.42.78.12,999,HTTP/HTTPS,Colombia - Fortul
209.14.115.101,999,HTTP/HTTPS,Colombia
170.239.207.177,999,HTTP/HTTPS,Colombia - Bogotá
190.61.40.188,8080,HTTP/HTTPS,Colombia - Medellín
181.57.131.122,8080,HTTP/HTTPS,Colombia - Bogotá
209.14.113.2,999,HTTP/HTTPS,Colombia
38.191.42.200,999,HTTP/HTTPS,Colombia - Cúcuta
177.93.48.137,999,HTTP/HTTPS,Colombia - Granada
8.242.212.220,999,HTTP/HTTPS,Colombia - Bogotá
192.214.193.136,8080,HTTP/HTTPS,France
37.59.112.197,80,HTTP/HTTPS,France
82.67.115.246,80,HTTP/HTTPS,France
207.180.254.198,8080,HTTP/HTTPS,France - Lauterbourg
188.165.199.207,80,HTTP/HTTPS,France
141.253.118.174,80,HTTP/HTTPS,France - Paris
162.19.131.138,80,HTTP/HTTPS,France
40.89.145.14,80,HTTP/HTTPS,France - Paris
62.210.222.58,3128,HTTP/HTTPS,France - Paris
109.190.105.24,3128,HTTP/HTTPS,France
51.195.236.200,21688,HTTP/HTTPS,France
151.80.147.171,3128,HTTP/HTTPS,France - Roubaix
85.214.107.177,80,HTTP/HTTPS,Germany
89.58.57.45,80,HTTP/HTTPS,Germany - Nuremberg
89.58.55.33,80,HTTP/HTTPS,Germany - Nuremberg
47.91.89.3,176,HTTP/HTTPS,Germany - Frankfurt am Main
8.211.49.86,50070,HTTP/HTTPS,Germany - Frankfurt am Main
8.211.49.86,10000,HTTP/HTTPS,Germany - Frankfurt am Main
8.211.51.115,8889,HTTP/HTTPS,Germany - Frankfurt am Main
8.211.49.86,2002,HTTP/HTTPS,Germany - Frankfurt am Main
8.211.42.167,5060,HTTP/HTTPS,Germany - Frankfurt am Main
8.211.42.167,41890,HTTP/HTTPS,Germany - Frankfurt am Main
8.211.42.167,81,HTTP/HTTPS,Germany - Frankfurt am Main
8.209.96.245,1234,HTTP/HTTPS,Germany - Frankfurt am Main
8.209.96.245,5060,HTTP/HTTPS,Germany - Frankfurt am Main
8.211.49.86,8080,HTTP/HTTPS,Germany - Frankfurt am Main
47.91.89.3,1000,HTTP/HTTPS,Germany - Frankfurt am Main
8.211.51.115,10000,HTTP/HTTPS,Germany - Frankfurt am Main
8.211.51.115,1080,HTTP/HTTPS,Germany - Frankfurt am Main
8.211.51.115,443,HTTP/HTTPS,Germany - Frankfurt am Main
54.37.72.89,80,HTTP/HTTPS,Germany
206.81.31.215,80,HTTP/HTTPS,Germany - Frankfurt am Main
188.245.91.223,80,HTTP/HTTPS,Germany - Falkenstein
77.42.31.147,80,HTTP/HTTPS,Germany
188.245.218.56,80,HTTP/HTTPS,Germany - Nuremberg
8.211.51.115,84,HTTP/HTTPS,Germany - Frankfurt am Main
8.209.96.245,4002,HTTP/HTTPS,Germany - Frankfurt am Main
47.91.89.3,1080,HTTP/HTTPS,Germany - Frankfurt am Main
47.91.89.3,9050,HTTP/HTTPS,Germany - Frankfurt am Main
8.211.49.86,80,HTTP/HTTPS,Germany - Frankfurt am Main
116.203.139.209,5153,HTTP/HTTPS,Germany - Nuremberg
8.209.96.245,8080,HTTP/HTTPS,Germany - Frankfurt am Main
91.99.181.245,80,HTTP/HTTPS,Germany - Falkenstein
57.129.63.63,80,HTTP/HTTPS,Germany - Frankfurt am Main
8.211.49.86,7777,HTTP/HTTPS,Germany - Frankfurt am Main
82.165.202.246,80,HTTP/HTTPS,Germany
89.169.9.180,80,HTTP/HTTPS,Germany - Frankfurt am Main
47.238.128.246,1000,HTTP/HTTPS,Hong Kong - Hong Kong
8.210.17.35,8082,HTTP/HTTPS,Hong Kong - Hong Kong
8.210.17.35,8081,HTTP/HTTPS,Hong Kong - Hong Kong
47.238.130.212,5060,HTTP/HTTPS,Hong Kong - Hong Kong
47.238.134.126,999,HTTP/HTTPS,Hong Kong - Hong Kong
47.76.144.139,3129,HTTP/HTTPS,Hong Kong - Hong Kong
47.76.144.139,5060,HTTP/HTTPS,Hong Kong - Hong Kong
47.238.60.156,8888,HTTP/HTTPS,Hong Kong - Hong Kong
118.141.251.64,80,HTTP/HTTPS,Hong Kong
8.210.17.35,8445,HTTP/HTTPS,Hong Kong - Hong Kong
47.76.144.139,18080,HTTP/HTTPS,Hong Kong - Hong Kong
47.238.130.212,8002,HTTP/HTTPS,Hong Kong - Hong Kong
47.238.134.126,51,HTTP/HTTPS,Hong Kong - Hong Kong
47.238.130.212,8081,HTTP/HTTPS,Hong Kong - Hong Kong
47.238.134.126,82,HTTP/HTTPS,Hong Kong - Hong Kong
47.238.60.156,6379,HTTP/HTTPS,Hong Kong - Hong Kong
47.238.134.126,3128,HTTP/HTTPS,Hong Kong - Hong Kong
47.56.110.204,8989,HTTP/HTTPS,Hong Kong - Hong Kong
47.76.144.139,80,HTTP/HTTPS,Hong Kong - Hong Kong
8.210.17.35,80,HTTP/HTTPS,Hong Kong - Hong Kong
47.238.130.212,8080,HTTP/HTTPS,Hong Kong - Hong Kong
58.152.254.242,80,HTTP/HTTPS,Hong Kong
218.102.198.202,80,HTTP/HTTPS,Hong Kong
58.152.22.150,80,HTTP/HTTPS,Hong Kong
43.224.4.109,80,HTTP/HTTPS,Hong Kong
119.246.32.2,80,HTTP/HTTPS,Hong Kong
47.76.144.139,9080,HTTP/HTTPS,Hong Kong - Hong Kong
47.76.144.139,3128,HTTP/HTTPS,Hong Kong - Hong Kong
47.238.134.126,4002,HTTP/HTTPS,Hong Kong - Hong Kong
47.238.60.156,13,HTTP/HTTPS,Hong Kong - Hong Kong
8.210.17.35,8008,HTTP/HTTPS,Hong Kong - Hong Kong
47.238.128.246,4002,HTTP/HTTPS,Hong Kong - Hong Kong
47.238.134.126,18080,HTTP/HTTPS,Hong Kong - Hong Kong
47.238.60.156,5060,HTTP/HTTPS,Hong Kong - Hong Kong
8.210.17.35,8002,HTTP/HTTPS,Hong Kong - Hong Kong
103.122.60.241,8080,HTTP/HTTPS,India
203.200.155.18,3128,HTTP/HTTPS,India - Bengaluru
103.163.244.49,83,HTTP/HTTPS,India - Panipat
111.125.242.34,80,HTTP/HTTPS,India - Mumbai
4.247.152.147,3128,HTTP/HTTPS,India - Pune
103.169.53.145,8080,HTTP/HTTPS,India - Aizawl
157.15.93.82,8080,HTTP/HTTPS,India - Agra
136.233.136.41,48976,HTTP/HTTPS,India
111.125.242.34,1111,HTTP/HTTPS,India - Mumbai
43.243.172.186,83,HTTP/HTTPS,India - Pune
103.137.218.166,83,HTTP/HTTPS,India - Bhagalpur
103.217.213.124,32650,HTTP/HTTPS,India - Guntur
116.212.182.74,8081,HTTP/HTTPS,India
45.116.230.79,8080,HTTP/HTTPS,India - Kochi
160.30.83.10,84,HTTP/HTTPS,India
103.102.85.1,8080,HTTP/HTTPS,India
103.162.66.1,8080,HTTP/HTTPS,India - Pune
103.41.88.6,83,HTTP/HTTPS,India - Hyderabad
4.213.167.178,80,HTTP/HTTPS,India - Pune
45.250.215.8,8080,HTTP/HTTPS,India
103.209.88.70,8080,HTTP/HTTPS,India - Guntur
103.137.85.29,83,HTTP/HTTPS,India
103.155.234.9,8080,HTTP/HTTPS,India
113.212.87.242,83,HTTP/HTTPS,India
103.195.252.2,83,HTTP/HTTPS,India - Ranchi
160.25.180.35,8080,HTTP/HTTPS,India - Mumbai
202.62.84.210,53281,HTTP/HTTPS,India
139.59.1.14,8080,HTTP/HTTPS,India - Bengaluru
13.235.43.214,80,HTTP/HTTPS,India - Mumbai
13.204.150.141,80,HTTP/HTTPS,India - Mumbai
4.213.98.253,80,HTTP/HTTPS,India - Pune
27.34.242.98,80,HTTP/HTTPS,India - Bengaluru
15.207.63.47,80,HTTP/HTTPS,India - Mumbai
85.209.161.102,80,HTTP/HTTPS,India - Noida
103.159.46.125,82,HTTP/HTTPS,India - Ahmedabad
149.129.255.179,3128,HTTP/HTTPS,Indonesia - Jakarta
103.125.174.85,8080,HTTP/HTTPS,Indonesia
36.93.73.154,8080,HTTP/HTTPS,Indonesia - South Tangerang
210.87.91.239,8080,HTTP/HTTPS,Indonesia
103.147.118.240,8080,HTTP/HTTPS,Indonesia - Semarang
117.102.86.148,8080,HTTP/HTTPS,Indonesia - Jakarta
160.19.18.99,8080,HTTP/HTTPS,Indonesia
103.133.61.221,8181,HTTP/HTTPS,Indonesia
103.164.212.125,8080,HTTP/HTTPS,Indonesia - Surabaya
117.103.71.77,8715,HTTP/HTTPS,Indonesia - Malang
157.20.128.247,8080,HTTP/HTTPS,Indonesia
8.215.15.163,5060,HTTP/HTTPS,Indonesia - Jakarta
103.164.214.122,8080,HTTP/HTTPS,Indonesia - Surabaya
103.171.182.229,8080,HTTP/HTTPS,Indonesia - Bogor
103.191.165.146,8090,HTTP/HTTPS,Indonesia - Subang
103.155.199.104,8080,HTTP/HTTPS,Indonesia - Sukabumi
103.160.182.125,8080,HTTP/HTTPS,Indonesia - Jember
103.143.197.38,8080,HTTP/HTTPS,Indonesia - Klaten
8.215.3.250,8080,HTTP/HTTPS,Indonesia - Jakarta
8.215.3.250,87,HTTP/HTTPS,Indonesia - Jakarta
8.215.3.25,1080,HTTP/HTTPS,Indonesia - Jakarta
103.134.246.42,3172,HTTP/HTTPS,Indonesia
103.227.243.73,8080,HTTP/HTTPS,Indonesia - Jakarta
203.210.85.215,3128,HTTP/HTTPS,Indonesia - Bandung
103.109.1.78,8080,HTTP/HTTPS,Indonesia
103.165.231.43,8080,HTTP/HTTPS,Indonesia
103.181.254.105,8080,HTTP/HTTPS,Indonesia
103.124.138.76,1111,HTTP/HTTPS,Indonesia - Bandung
103.107.84.191,8080,HTTP/HTTPS,Indonesia
103.177.177.250,8080,HTTP/HTTPS,Indonesia - Jakarta
103.173.72.34,1111,HTTP/HTTPS,Indonesia
103.101.216.42,8090,HTTP/HTTPS,Indonesia - Sungaibamban
27.112.66.122,8181,HTTP/HTTPS,Indonesia - Jakarta
103.147.118.142,7777,HTTP/HTTPS,Indonesia - Semarang
103.188.169.95,8080,HTTP/HTTPS,Indonesia
160.16.105.145,8080,HTTP/HTTPS,Japan - Tokyo
8.221.138.111,100,HTTP/HTTPS,Japan - Tokyo
20.27.11.248,8561,HTTP/HTTPS,Japan - Tokyo
153.127.195.58,4444,HTTP/HTTPS,Japan
8.221.138.111,19,HTTP/HTTPS,Japan - Tokyo
47.74.46.81,37777,HTTP/HTTPS,Japan - Tokyo
47.74.46.81,80,HTTP/HTTPS,Japan - Tokyo
47.91.29.151,4145,HTTP/HTTPS,Japan - Tokyo
47.91.29.151,91,HTTP/HTTPS,Japan - Tokyo
8.221.138.111,1080,HTTP/HTTPS,Japan - Tokyo
47.91.29.151,81,HTTP/HTTPS,Japan - Tokyo
47.74.46.81,31433,HTTP/HTTPS,Japan - Tokyo
139.162.78.109,3128,HTTP/HTTPS,Japan - Tokyo
47.91.29.151,90,HTTP/HTTPS,Japan - Tokyo
47.74.46.81,8047,HTTP/HTTPS,Japan - Tokyo
47.74.46.81,6606,HTTP/HTTPS,Japan - Tokyo
47.74.46.81,102,HTTP/HTTPS,Japan - Tokyo
47.74.46.81,1000,HTTP/HTTPS,Japan - Tokyo
47.74.46.81,1081,HTTP/HTTPS,Japan - Tokyo
13.78.120.128,80,HTTP/HTTPS,Japan - Tokyo
48.210.225.96,80,HTTP/HTTPS,Japan - Tokyo
154.31.115.210,80,HTTP/HTTPS,Japan - Tokyo
156.246.90.81,80,HTTP/HTTPS,Japan - Tokyo
172.238.22.205,80,HTTP/HTTPS,Japan - Tokyo
154.31.113.209,80,HTTP/HTTPS,Japan - Tokyo
74.176.195.135,80,HTTP/HTTPS,Japan - Tokyo
34.146.60.198,80,HTTP/HTTPS,Japan - Tokyo
157.101.165.36,80,HTTP/HTTPS,Japan
8.221.138.111,8080,HTTP/HTTPS,Japan - Tokyo
61.118.38.234,60808,HTTP/HTTPS,Japan
47.74.46.81,45,HTTP/HTTPS,Japan - Tokyo
20.27.15.111,8561,HTTP/HTTPS,Japan - Tokyo
8.221.138.111,2000,HTTP/HTTPS,Japan - Tokyo
102.209.18.96,8080,HTTP/HTTPS,Kenya - Nairobi
41.191.228.214,8088,HTTP/HTTPS,Kenya - Nairobi
102.213.248.38,8080,HTTP/HTTPS,Kenya - Nairobi
102.219.209.86,3346,HTTP/HTTPS,Kenya - Nairobi
102.209.56.21,80,HTTP/HTTPS,Kenya
102.209.18.68,8080,HTTP/HTTPS,Kenya - Nairobi
102.209.76.109,8080,HTTP/HTTPS,Kenya - Nairobi
41.139.151.147,80,HTTP/HTTPS,Kenya - Nairobi
197.232.47.122,8080,HTTP/HTTPS,Kenya - Nairobi
102.209.18.28,8080,HTTP/HTTPS,Kenya - Nairobi
41.217.220.214,32650,HTTP/HTTPS,Kenya
41.139.166.117,8080,HTTP/HTTPS,Kenya - Nairobi
102.213.216.98,8080,HTTP/HTTPS,Kenya
41.203.213.211,8105,HTTP/HTTPS,Kenya - Nairobi
102.210.105.1,82,HTTP/HTTPS,Kenya
102.0.9.114,8080,HTTP/HTTPS,Kenya - Nairobi
20.4.252.219,3128,HTTP/HTTPS,Netherlands - Amsterdam
77.105.137.42,8080,HTTP/HTTPS,Netherlands
93.183.125.11,3128,HTTP/HTTPS,Netherlands - Amsterdam
89.110.115.238,80,HTTP/HTTPS,Netherlands - Amsterdam
89.110.76.193,80,HTTP/HTTPS,Netherlands - Amsterdam
185.185.40.118,3128,HTTP/HTTPS,Netherlands - Amsterdam
89.208.104.34,3128,HTTP/HTTPS,Netherlands - Amsterdam
13.80.134.18,80,HTTP/HTTPS,Netherlands - Amsterdam
62.60.235.5,80,HTTP/HTTPS,Netherlands - Amsterdam
77.110.102.239,80,HTTP/HTTPS,Netherlands - Amsterdam
195.26.224.135,80,HTTP/HTTPS,Netherlands - Amsterdam
147.75.34.92,9443,HTTP/HTTPS,Netherlands - Amsterdam
62.84.245.79,80,HTTP/HTTPS,Netherlands
195.181.173.65,80,HTTP/HTTPS,Netherlands - Amsterdam
185.32.6.131,8070,HTTP/HTTPS,Poland
31.135.21.185,80,HTTP/HTTPS,Poland - Świdnik
213.73.25.230,8080,HTTP/HTTPS,Poland
178.212.144.7,80,HTTP/HTTPS,Poland - Sokółka
212.127.95.235,8081,HTTP/HTTPS,Poland - Wroclaw
79.110.200.27,8000,HTTP/HTTPS,Poland - Wroclaw
83.168.74.163,8080,HTTP/HTTPS,Poland - Wroclaw
176.194.189.40,80,HTTP/HTTPS,Russia - Belgorod
83.219.145.106,3128,HTTP/HTTPS,Russia - Kaliningrad
176.208.101.50,8080,HTTP/HTTPS,Russia - Surgut
109.95.220.45,8080,HTTP/HTTPS,Russia
178.34.190.6,8080,HTTP/HTTPS,Russia
89.175.0.74,3129,HTTP/HTTPS,Russia - Moscow
176.100.216.164,8282,HTTP/HTTPS,Russia
87.229.205.227,8080,HTTP/HTTPS,Russia
94.73.239.124,55443,HTTP/HTTPS,Russia
37.204.194.51,80,HTTP/HTTPS,Russia - Moscow
31.211.47.121,3128,HTTP/HTTPS,Russia
84.52.125.113,8082,HTTP/HTTPS,Russia - St Petersburg
91.218.244.153,8989,HTTP/HTTPS,Russia - Moscow
195.225.109.132,3128,HTTP/HTTPS,Russia - Moscow
77.37.192.246,8080,HTTP/HTTPS,Russia - Moscow
83.219.145.108,3128,HTTP/HTTPS,Russia - Kaliningrad
31.211.69.52,3128,HTTP/HTTPS,Russia - Tomsk
89.188.242.243,80,HTTP/HTTPS,Russia
83.171.252.150,8080,HTTP/HTTPS,Russia - Moscow
87.228.89.21,80,HTTP/HTTPS,Russia
5.206.93.245,80,HTTP/HTTPS,Russia - Chelyabinsk
81.177.111.146,8080,HTTP/HTTPS,Russia
77.110.104.126,80,HTTP/HTTPS,Russia - Moscow
37.110.147.13,80,HTTP/HTTPS,Russia - Moscow
193.53.127.169,80,HTTP/HTTPS,Russia - Moscow
82.200.80.118,8080,HTTP/HTTPS,Russia - Novosibirsk
2.60.120.138,8080,HTTP/HTTPS,Russia - Irkutsk
37.140.51.159,80,HTTP/HTTPS,Russia - Magnitogorsk
188.32.250.141,80,HTTP/HTTPS,Russia - Moscow
109.194.34.246,8082,HTTP/HTTPS,Russia - Seversk
91.222.238.112,80,HTTP/HTTPS,Russia
46.28.88.19,8080,HTTP/HTTPS,Russia
178.46.160.7,80,HTTP/HTTPS,Russia - Chelyabinsk
176.126.103.194,44214,HTTP/HTTPS,Russia - Moscow
46.47.197.210,3128,HTTP/HTTPS,Russia
185.190.154.39,80,HTTP/HTTPS,Serbia - Belgrade
212.200.39.21,8080,HTTP/HTTPS,Serbia - Čelarevo
109.111.242.134,6666,HTTP/HTTPS,Serbia - Belgrade
8.220.204.92,80,HTTP/HTTPS,South Korea - Seoul
8.220.204.92,1081,HTTP/HTTPS,South Korea - Seoul
8.220.205.172,3749,HTTP/HTTPS,South Korea - Seoul
8.220.204.215,3128,HTTP/HTTPS,South Korea - Seoul
8.220.204.215,808,HTTP/HTTPS,South Korea - Seoul
8.220.204.215,8443,HTTP/HTTPS,South Korea - Seoul
8.220.205.172,4002,HTTP/HTTPS,South Korea - Seoul
8.220.204.92,443,HTTP/HTTPS,South Korea - Seoul
8.220.204.92,9080,HTTP/HTTPS,South Korea - Seoul
8.213.134.213,8889,HTTP/HTTPS,South Korea - Seoul
8.220.205.172,8008,HTTP/HTTPS,South Korea - Seoul
8.213.156.191,138,HTTP/HTTPS,South Korea - Seoul
8.213.134.213,3333,HTTP/HTTPS,South Korea - Seoul
8.220.204.215,8889,HTTP/HTTPS,South Korea - Seoul
8.213.128.6,1081,HTTP/HTTPS,South Korea - Seoul
8.213.128.6,8083,HTTP/HTTPS,South Korea - Seoul
8.213.128.6,7657,HTTP/HTTPS,South Korea - Seoul
8.213.128.6,5678,HTTP/HTTPS,South Korea - Seoul
8.213.128.6,4006,HTTP/HTTPS,South Korea - Seoul
8.220.204.92,9098,HTTP/HTTPS,South Korea - Seoul
8.213.128.6,50,HTTP/HTTPS,South Korea - Seoul
8.213.128.6,7777,HTTP/HTTPS,South Korea - Seoul
8.213.128.6,8118,HTTP/HTTPS,South Korea - Seoul
8.213.128.6,8009,HTTP/HTTPS,South Korea - Seoul
220.88.5.106,80,HTTP/HTTPS,South Korea - Suwon
222.98.121.226,80,HTTP/HTTPS,South Korea - Suwon
8.213.156.191,80,HTTP/HTTPS,South Korea - Seoul
8.213.156.191,9098,HTTP/HTTPS,South Korea - Seoul
8.213.128.6,8989,HTTP/HTTPS,South Korea - Seoul
8.213.156.191,199,HTTP/HTTPS,South Korea - Seoul
8.213.128.6,9992,HTTP/HTTPS,South Korea - Seoul
183.109.79.187,80,HTTP/HTTPS,South Korea - Gwangmyeong
119.192.157.20,80,HTTP/HTTPS,South Korea - Yongsan-gu
125.136.46.100,80,HTTP/HTTPS,South Korea - Seo-gu
169.211.163.139,80,HTTP/HTTPS,South Korea - Suwon
220.130.186.59,8080,HTTP/HTTPS,Taiwan - Taipei
210.61.216.63,60808,HTTP/HTTPS,Taiwan - Chang-hua
150.116.39.150,80,HTTP/HTTPS,Taiwan - Taipei
182.155.200.61,80,HTTP/HTTPS,Taiwan - Taichung
116.241.116.252,80,HTTP/HTTPS,Taiwan - Taichung
58.99.118.153,80,HTTP/HTTPS,Taiwan - Yunlin
210.209.236.242,80,HTTP/HTTPS,Taiwan - Taichung
121.254.124.81,80,HTTP/HTTPS,Taiwan - Taoyuan
150.116.35.85,80,HTTP/HTTPS,Taiwan - Taipei
60.244.184.155,80,HTTP/HTTPS,Taiwan - Taichung
123.205.71.210,80,HTTP/HTTPS,Taiwan - Yunlin
122.116.125.115,8888,HTTP/HTTPS,Taiwan - New Taipei City
8.213.222.247,20000,HTTP/HTTPS,Thailand - Bangkok
119.42.86.55,8080,HTTP/HTTPS,Thailand - Na Thawi
8.213.195.191,3333,HTTP/HTTPS,Thailand - Bangkok
8.213.197.208,80,HTTP/HTTPS,Thailand - Bangkok
203.150.128.204,8080,HTTP/HTTPS,Thailand
8.213.222.157,9080,HTTP/HTTPS,Thailand - Bangkok
8.213.222.157,3128,HTTP/HTTPS,Thailand - Bangkok
8.213.222.157,104,HTTP/HTTPS,Thailand - Bangkok
8.213.197.208,9098,HTTP/HTTPS,Thailand - Bangkok
8.213.222.247,77,HTTP/HTTPS,Thailand - Bangkok
8.213.222.247,8008,HTTP/HTTPS,Thailand - Bangkok
1.1.189.58,8080,HTTP/HTTPS,Thailand - Bangkok
8.213.197.208,6379,HTTP/HTTPS,Thailand - Bangkok
8.213.197.208,4002,HTTP/HTTPS,Thailand - Bangkok
8.213.195.191,9191,HTTP/HTTPS,Thailand - Bangkok
183.88.231.188,34599,HTTP/HTTPS,Thailand - Bangkok
8.213.195.191,8080,HTTP/HTTPS,Thailand - Bangkok
8.213.195.191,90,HTTP/HTTPS,Thailand - Bangkok
8.213.195.191,3000,HTTP/HTTPS,Thailand - Bangkok
8.213.215.187,41890,HTTP/HTTPS,Thailand - Bangkok
8.213.215.187,2000,HTTP/HTTPS,Thailand - Bangkok
8.213.215.187,8001,HTTP/HTTPS,Thailand - Bangkok
27.254.162.101,80,HTTP/HTTPS,Thailand
8.213.215.187,8008,HTTP/HTTPS,Thailand - Bangkok
8.213.195.191,3128,HTTP/HTTPS,Thailand - Bangkok
8.213.195.191,9080,HTTP/HTTPS,Thailand - Bangkok
184.82.43.103,8080,HTTP/HTTPS,Thailand - Bangkok
8.213.195.191,5060,HTTP/HTTPS,Thailand - Bangkok
183.88.213.178,8080,HTTP/HTTPS,Thailand - Bangkok
106.0.168.138,8080,HTTP/HTTPS,Thailand
8.213.215.187,202,HTTP/HTTPS,Thailand - Bangkok
8.213.215.187,1081,HTTP/HTTPS,Thailand - Bangkok
8.213.222.157,1081,HTTP/HTTPS,Thailand - Bangkok
8.213.222.157,312,HTTP/HTTPS,Thailand - Bangkok
103.10.230.246,1337,HTTP/HTTPS,Thailand - Bangkok
195.93.172.32,3128,HTTP/HTTPS,Ukraine
91.238.105.64,2024,HTTP/HTTPS,Ukraine
91.238.104.172,2024,HTTP/HTTPS,Ukraine
91.238.104.171,2023,HTTP/HTTPS,Ukraine
185.218.202.182,8080,HTTP/HTTPS,Ukraine - Kyiv
176.37.21.46,41890,HTTP/HTTPS,Ukraine - Kyiv
5.58.97.89,8080,HTTP/HTTPS,Ukraine - Ternopil
91.236.156.30,8282,HTTP/HTTPS,Ukraine - Yares'ki
193.25.121.222,8080,HTTP/HTTPS,Ukraine
194.29.60.22,8080,HTTP/HTTPS,Ukraine - Khmelnytskyi
88.135.210.179,8080,HTTP/HTTPS,Ukraine - Ivano-Frankivsk
91.217.179.174,8080,HTTP/HTTPS,Ukraine
91.214.31.234,8080,HTTP/HTTPS,Ukraine - Zaporizhzhya
185.65.247.133,48049,HTTP/HTTPS,Ukraine
134.249.185.223,41890,HTTP/HTTPS,Ukraine - Kyiv
176.100.60.249,3128,HTTP/HTTPS,Ukraine
195.34.91.67,8080,HTTP/HTTPS,Ukraine - Kyiv
176.98.80.71,8080,HTTP/HTTPS,Ukraine - Uman
8.211.194.85,4444,HTTP/HTTPS,United Kingdom - London
8.211.194.78,5060,HTTP/HTTPS,United Kingdom - London
8.211.200.183,8008,HTTP/HTTPS,United Kingdom - London
8.211.200.183,6379,HTTP/HTTPS,United Kingdom - London
8.211.194.78,81,HTTP/HTTPS,United Kingdom - London
8.211.194.78,6379,HTTP/HTTPS,United Kingdom - London
8.211.195.173,8072,HTTP/HTTPS,United Kingdom - London
8.211.195.173,4145,HTTP/HTTPS,United Kingdom - London
8.211.195.139,8889,HTTP/HTTPS,United Kingdom - London
8.211.195.139,8888,HTTP/HTTPS,United Kingdom - London
8.211.195.139,8443,HTTP/HTTPS,United Kingdom - London
8.211.195.139,8000,HTTP/HTTPS,United Kingdom - London
8.211.195.139,20002,HTTP/HTTPS,United Kingdom - London
8.211.195.139,8334,HTTP/HTTPS,United Kingdom - London
8.211.194.85,80,HTTP/HTTPS,United Kingdom - London
8.211.194.85,1081,HTTP/HTTPS,United Kingdom - London
8.211.195.173,2873,HTTP/HTTPS,United Kingdom - London
8.211.195.139,312,HTTP/HTTPS,United Kingdom - London
89.46.249.148,8588,HTTP/HTTPS,United Kingdom - London
8.211.200.183,8443,HTTP/HTTPS,United Kingdom - London
8.211.195.139,1080,HTTP/HTTPS,United Kingdom - London
89.46.249.252,5080,HTTP/HTTPS,United Kingdom - City of London
8.211.195.173,8443,HTTP/HTTPS,United Kingdom - London
104.167.6.218,80,HTTP/HTTPS,United Kingdom
8.211.194.78,5800,HTTP/HTTPS,United Kingdom - London
78.129.253.152,80,HTTP/HTTPS,United Kingdom
176.98.40.209,80,HTTP/HTTPS,United Kingdom
8.211.200.183,9098,HTTP/HTTPS,United Kingdom - London
8.211.200.183,45,HTTP/HTTPS,United Kingdom - London
83.217.162.15,80,HTTP/HTTPS,United Kingdom - Ilkeston
8.211.194.85,3129,HTTP/HTTPS,United Kingdom - London
8.211.195.139,1000,HTTP/HTTPS,United Kingdom - London
38.60.196.214,80,HTTP/HTTPS,United Kingdom - London
78.129.253.149,80,HTTP/HTTPS,United Kingdom
157.245.40.210,80,HTTP/HTTPS,United Kingdom - Slough
47.90.167.27,5060,HTTP/HTTPS,United States
159.65.245.255,80,HTTP/HTTPS,United States - Clifton
66.29.154.105,3128,HTTP/HTTPS,United States
68.183.143.134,80,HTTP/HTTPS,United States - North Bergen
47.252.11.233,20000,HTTP/HTTPS,United States
47.252.11.233,5060,HTTP/HTTPS,United States
47.252.11.233,80,HTTP/HTTPS,United States
47.251.87.199,50,HTTP/HTTPS,United States
47.89.159.212,8080,HTTP/HTTPS,United States
47.251.74.38,1081,HTTP/HTTPS,United States
47.251.74.38,8888,HTTP/HTTPS,United States
47.251.87.199,2083,HTTP/HTTPS,United States
47.251.87.199,1081,HTTP/HTTPS,United States
47.90.149.238,9050,HTTP/HTTPS,United States
34.48.171.130,33080,HTTP/HTTPS,United States - Washington
47.90.167.27,8080,HTTP/HTTPS,United States
47.252.18.37,45,HTTP/HTTPS,United States
47.252.18.37,9098,HTTP/HTTPS,United States
47.89.159.212,11,HTTP/HTTPS,United States
47.254.36.213,20000,HTTP/HTTPS,United States
47.254.36.213,9080,HTTP/HTTPS,United States
199.66.157.89,8080,HTTP/HTTPS,United States - Odessa
47.251.87.199,9098,HTTP/HTTPS,United States
47.89.159.212,31281,HTTP/HTTPS,United States
157.230.220.25,4857,HTTP/HTTPS,United States - North Bergen
76.169.128.104,8080,HTTP/HTTPS,United States - Santa Ana
47.251.87.74,80,HTTP/HTTPS,United States
47.251.87.74,8008,HTTP/HTTPS,United States
47.251.87.74,5060,HTTP/HTTPS,United States
47.252.18.37,13,HTTP/HTTPS,United States
138.197.68.35,4857,HTTP/HTTPS,United States - Clifton
160.3.168.70,8080,HTTP/HTTPS,United States - Long Beach
50.235.247.114,8085,HTTP/HTTPS,United States - Wallingford
66.210.33.34,8080,HTTP/HTTPS,United States - Navarre
47.251.73.54,1080,HTTP/HTTPS,United States
190.94.212.247,999,HTTP/HTTPS,Venezuela - Caracas
190.94.212.43,999,HTTP/HTTPS,Venezuela - Caracas
141.136.63.126,8080,HTTP/HTTPS,Venezuela - Caracas
38.41.0.6,11201,HTTP/HTTPS,Venezuela
190.94.213.80,999,HTTP/HTTPS,Venezuela - Caracas
38.171.255.28,8080,HTTP/HTTPS,Venezuela - Maracaibo
190.94.212.216,999,HTTP/HTTPS,Venezuela - Caracas
190.94.213.244,999,HTTP/HTTPS,Venezuela - Caracas
138.59.11.65,999,HTTP/HTTPS,Venezuela - Valencia
186.96.70.14,999,HTTP/HTTPS,Venezuela - Caracas
190.94.213.6,999,HTTP/HTTPS,Venezuela - Caracas
186.96.73.181,999,HTTP/HTTPS,Venezuela - Caracas
38.41.0.62,11201,HTTP/HTTPS,Venezuela - Caracas
190.121.239.195,999,HTTP/HTTPS,Venezuela - Caracas
45.184.103.110,999,HTTP/HTTPS,Venezuela - Valencia
38.159.63.8,999,HTTP/HTTPS,Venezuela - Barquisimeto
190.8.164.25,8086,HTTP/HTTPS,Venezuela - Caracas
85.198.24.222,8080,HTTP/HTTPS,Iran
194.39.254.35,80,HTTP/HTTPS,Iran
62.60.195.94,80,HTTP/HTTPS,Iran
5.202.176.42,80,HTTP/HTTPS,Iran
94.184.25.4,80,HTTP/HTTPS,Iran
185.129.117.221,80,HTTP/HTTPS,Iran - Tehran
185.36.145.215,80,HTTP/HTTPS,Iran
94.182.146.250,8080,HTTP/HTTPS,Iran
188.132.222.4,8080,HTTP/HTTPS,Turkey - Antakya
38.156.73.61,8080,HTTP/HTTPS,Turkey - Antakya
198.145.118.100,8080,HTTP/HTTPS,Turkey
185.200.37.242,8080,HTTP/HTTPS,Turkey - Antakya
212.174.242.114,8080,HTTP/HTTPS,Turkey - Çankırı
188.132.222.19,8080,HTTP/HTTPS,Turkey - Antakya
185.200.37.86,8080,HTTP/HTTPS,Turkey - Antakya
5.188.190.114,80,HTTP/HTTPS,Turkey - Istanbul
188.132.222.36,8080,HTTP/HTTPS,Turkey - Antakya
188.132.222.69,8080,HTTP/HTTPS,Turkey - Antakya
213.142.156.97,80,HTTP/HTTPS,Turkey - Istanbul
185.200.37.245,8080,HTTP/HTTPS,Turkey - Antakya
188.132.222.6,8080,HTTP/HTTPS,Turkey - Antakya
194.124.36.28,8080,HTTP/HTTPS,Turkey - Antakya
197.218.16.16,3128,HTTP/HTTPS,Mozambique - Maputo
149.86.206.27,8080,HTTP/HTTPS,Italy - Quarrata
149.86.203.217,8080,HTTP/HTTPS,Italy - Quarrata
93.57.78.145,80,HTTP/HTTPS,Italy - Milan
62.193.108.144,1976,HTTP/HTTPS,Egypt
62.193.118.57,1976,HTTP/HTTPS,Egypt
62.193.118.57,1981,HTTP/HTTPS,Egypt - Giza
217.52.247.84,1976,HTTP/HTTPS,Egypt
41.65.236.39,1976,HTTP/HTTPS,Egypt - Giza
196.204.83.237,1981,HTTP/HTTPS,Egypt - Cairo
41.33.203.115,1982,HTTP/HTTPS,Egypt - Cairo
197.164.101.14,1981,HTTP/HTTPS,Egypt - Cairo
154.236.177.105,1976,HTTP/HTTPS,Egypt - Madīnat an Naşr
62.193.108.144,1981,HTTP/HTTPS,Egypt - Giza
41.65.227.115,1981,HTTP/HTTPS,Egypt - Cairo
196.204.83.232,1981,HTTP/HTTPS,Egypt - Cairo
82.137.90.192,80,HTTP/HTTPS,Bulgaria - Stara Zagora
151.237.86.78,8080,HTTP/HTTPS,Bulgaria - Kardzhali
213.169.33.7,8001,HTTP/HTTPS,Bulgaria
85.217.192.39,1414,HTTP/HTTPS,Bulgaria - Sistov
94.155.175.135,8080,HTTP/HTTPS,Bulgaria
200.174.198.32,8888,HTTP/HTTPS,anonymous
82.115.60.66,80,HTTP/HTTPS,elite proxy
138.91.159.185,80,HTTP/HTTPS,elite proxy
91.107.179.137,80,HTTP/HTTPS,anonymous
154.65.39.8,80,HTTP/HTTPS,elite proxy
117.54.114.96,80,HTTP/HTTPS,anonymous
166.144.154.245,80,HTTP/HTTPS,elite proxy
46.161.6.165,8080,HTTP/HTTPS,elite proxy
139.99.237.62,80,HTTP/HTTPS,anonymous
172.93.187.26,80,HTTP/HTTPS,elite proxy
89.116.88.19,80,HTTP/HTTPS,anonymous
38.60.196.214,80,HTTP/HTTPS,anonymous
185.88.177.40,80,HTTP/HTTPS,anonymous
193.107.126.91,80,HTTP/HTTPS,elite proxy
219.93.101.63,80,HTTP/HTTPS,anonymous
31.220.78.244,80,HTTP/HTTPS,elite proxy
209.97.150.167,8080,HTTP/HTTPS,anonymous
190.128.241.102,80,HTTP/HTTPS,elite proxy
154.31.113.209,80,HTTP/HTTPS,anonymous
40.172.124.125,80,HTTP/HTTPS,elite proxy
219.93.101.62,80,HTTP/HTTPS,anonymous
65.109.176.217,80,HTTP/HTTPS,anonymous
156.146.56.238,8081,HTTP/HTTPS,anonymous
198.199.86.11,80,HTTP/HTTPS,anonymous
195.35.2.231,80,HTTP/HTTPS,elite proxy
103.87.149.14,80,HTTP/HTTPS,elite proxy
34.140.137.151,80,HTTP/HTTPS,elite proxy
207.180.254.198,8080,HTTP/HTTPS,elite proxy
144.31.64.234,80,HTTP/HTTPS,anonymous
156.146.56.233,8081,HTTP/HTTPS,anonymous
197.243.20.178,80,HTTP/HTTPS,elite proxy
41.161.90.114,80,HTTP/HTTPS,elite proxy
156.146.56.240,8081,HTTP/HTTPS,anonymous
210.223.44.230,3128,HTTP/HTTPS,anonymous
89.58.55.33,80,HTTP/HTTPS,anonymous
186.65.109.21,81,HTTP/HTTPS,elite proxy
77.242.177.57,3128,HTTP/HTTPS,anonymous
213.33.126.130,80,HTTP/HTTPS,anonymous
194.158.203.14,80,HTTP/HTTPS,anonymous
156.146.56.227,8081,HTTP/HTTPS,anonymous
124.108.6.20,8085,HTTP/HTTPS,anonymous
95.173.218.80,8082,HTTP/HTTPS,anonymous
41.191.203.167,80,HTTP/HTTPS,anonymous
50.203.147.157,80,HTTP/HTTPS,anonymous
206.189.88.243,8080,HTTP/HTTPS,anonymous
46.62.248.217,80,HTTP/HTTPS,elite proxy
178.175.231.14,80,HTTP/HTTPS,anonymous
87.95.146.131,80,HTTP/HTTPS,elite proxy
172.238.22.205,80,HTTP/HTTPS,anonymous
81.10.234.234,80,HTTP/HTTPS,anonymous
193.164.155.166,80,HTTP/HTTPS,anonymous
43.135.36.240,2764,HTTP/HTTPS,anonymous
212.114.194.73,80,HTTP/HTTPS,anonymous
212.114.194.79,80,HTTP/HTTPS,anonymous
143.198.135.176,80,HTTP/HTTPS,elite proxy
85.214.77.104,80,HTTP/HTTPS,elite proxy
5.231.204.52,80,HTTP/HTTPS,anonymous
77.110.102.239,80,HTTP/HTTPS,anonymous
77.42.31.147,80,HTTP/HTTPS,anonymous
45.131.220.106,80,HTTP/HTTPS,elite proxy
212.114.194.75,80,HTTP/HTTPS,anonymous
182.72.118.38,80,HTTP/HTTPS,anonymous
78.129.253.149,80,HTTP/HTTPS,anonymous
183.110.216.159,8090,HTTP/HTTPS,anonymous
41.191.203.161,80,HTTP/HTTPS,anonymous
211.230.49.122,3128,HTTP/HTTPS,anonymous
13.80.134.180,80,HTTP/HTTPS,elite proxy
219.65.73.81,80,HTTP/HTTPS,anonymous
116.49.248.98,80,HTTP/HTTPS,anonymous
87.107.110.105,80,HTTP/HTTPS,anonymous
27.34.242.98,80,HTTP/HTTPS,anonymous
12.50.107.221,80,HTTP/HTTPS,anonymous
211.25.127.161,80,HTTP/HTTPS,anonymous
103.125.31.222,80,HTTP/HTTPS,anonymous
195.26.224.135,80,HTTP/HTTPS,anonymous
102.223.9.53,80,HTTP/HTTPS,anonymous
78.131.57.23,8080,HTTP/HTTPS,anonymous
216.229.112.25,8080,HTTP/HTTPS,elite proxy
79.175.188.151,80,HTTP/HTTPS,anonymous
20.81.205.173,80,HTTP/HTTPS,elite proxy
35.233.82.227,80,HTTP/HTTPS,elite proxy
178.162.242.88,80,HTTP/HTTPS,anonymous
12.50.107.222,80,HTTP/HTTPS,anonymous
12.50.107.217,80,HTTP/HTTPS,anonymous
157.175.169.150,80,HTTP/HTTPS,elite proxy
165.154.186.55,10001,HTTP/HTTPS,anonymous
34.39.246.220,3128,HTTP/HTTPS,elite proxy
115.79.4.114,80,HTTP/HTTPS,elite proxy
15.207.63.47,80,HTTP/HTTPS,elite proxy
13.200.209.159,80,HTTP/HTTPS,elite proxy
3.224.26.242,80,HTTP/HTTPS,elite proxy
13.235.43.214,80,HTTP/HTTPS,elite proxy
5.45.126.128,8080,HTTP/HTTPS,anonymous
15.204.243.210,80,HTTP/HTTPS,anonymous
85.220.141.220,80,HTTP/HTTPS,anonymous
45.59.186.60,80,HTTP/HTTPS,anonymous
195.114.209.50,80,HTTP/HTTPS,elite proxy
47.56.110.204,8989,HTTP/HTTPS,anonymous
0.0.0.0,80,HTTP/HTTPS,anonymous
97.74.87.226,80,HTTP/HTTPS,anonymous
146.235.212.142,1080,HTTP/HTTPS,transparent
160.25.174.47,8080,HTTP/HTTPS,transparent
176.57.189.138,3128,HTTP/HTTPS,transparent
8.212.165.164,10000,HTTP/HTTPS,transparent
103.245.110.198,1452,HTTP/HTTPS,transparent
103.60.136.57,8080,HTTP/HTTPS,transparent
46.217.249.88,80,HTTP/HTTPS,transparent
103.143.197.38,8080,HTTP/HTTPS,transparent
131.72.69.209,8080,HTTP/HTTPS,transparent
203.96.226.154,8080,HTTP/HTTPS,transparent
219.249.37.107,8382,HTTP/HTTPS,anonymous
31.28.4.192,80,HTTP/HTTPS,elite proxy
82.67.115.246,80,HTTP/HTTPS,elite proxy
197.255.126.69,80,HTTP/HTTPS,elite proxy
47.251.87.74,6379,HTTP/HTTPS,transparent
65.108.209.73,80,HTTP/HTTPS,elite proxy
213.246.56.156,9080,HTTP/HTTPS,elite proxy
62.60.151.128,80,HTTP/HTTPS,elite proxy
41.220.16.218,80,HTTP/HTTPS,anonymous
50.203.147.153,80,HTTP/HTTPS,anonymous
156.38.112.11,80,HTTP/HTTPS,elite proxy
185.88.141.109,80,HTTP/HTTPS,elite proxy
185.129.117.221,80,HTTP/HTTPS,anonymous
154.205.147.214,80,HTTP/HTTPS,anonymous
38.54.101.90,80,HTTP/HTTPS,anonymous
47.84.70.29,8888,HTTP/HTTPS,anonymous
79.174.12.190,80,HTTP/HTTPS,elite proxy
83.217.162.15,80,HTTP/HTTPS,elite proxy
44.199.53.97,80,HTTP/HTTPS,elite proxy
154.65.39.7,80,HTTP/HTTPS,elite proxy
133.18.234.13,80,HTTP/HTTPS,anonymous
35.152.252.253,8080,HTTP/HTTPS,elite proxy
35.197.89.213,80,HTTP/HTTPS,elite proxy
188.40.57.101,80,HTTP/HTTPS,elite proxy
37.27.6.46,80,HTTP/HTTPS,elite proxy
163.172.167.48,80,HTTP/HTTPS,elite proxy
94.23.9.170,80,HTTP/HTTPS,elite proxy
139.162.78.109,8080,HTTP/HTTPS,anonymous
62.113.119.14,8080,HTTP/HTTPS,elite proxy
34.146.60.198,80,HTTP/HTTPS,elite proxy
198.111.166.184,80,HTTP/HTTPS,elite proxy
200.33.20.25,80,HTTP/HTTPS,elite proxy
35.88.74.245,80,HTTP/HTTPS,elite proxy
66.135.16.53,80,HTTP/HTTPS,elite proxy
190.116.28.148,80,HTTP/HTTPS,elite proxy
41.191.203.160,80,HTTP/HTTPS,anonymous
173.249.210.102,80,HTTP/HTTPS,anonymous
195.181.173.65,80,HTTP/HTTPS,anonymous
3.130.228.7,80,HTTP/HTTPS,anonymous
94.184.25.4,80,HTTP/HTTPS,anonymous
51.8.61.60,80,HTTP/HTTPS,anonymous
78.129.253.152,80,HTTP/HTTPS,anonymous
47.251.57.165,1080,HTTP/HTTPS,elite proxy
87.228.89.21,80,HTTP/HTTPS,anonymous
12.50.107.220,80,HTTP/HTTPS,anonymous
82.165.20.115,80,HTTP/HTTPS,anonymous
144.202.113.89,80,HTTP/HTTPS,anonymous
45.80.215.245,80,HTTP/HTTPS,anonymous
147.231.163.133,80,HTTP/HTTPS,anonymous
82.115.60.51,80,HTTP/HTTPS,elite proxy
154.31.115.210,80,HTTP/HTTPS,anonymous
202.83.30.96,80,HTTP/HTTPS,anonymous
44.225.30.92,80,HTTP/HTTPS,anonymous
193.53.127.169,80,HTTP/HTTPS,anonymous
144.31.85.152,80,HTTP/HTTPS,anonymous
12.50.107.219,80,HTTP/HTTPS,anonymous
15.188.181.110,80,HTTP/HTTPS,elite proxy
13.78.120.128,80,HTTP/HTTPS,elite proxy
5.75.200.75,80,HTTP/HTTPS,anonymous
196.1.93.10,80,HTTP/HTTPS,elite proxy
162.255.110.107,8080,HTTP/HTTPS,transparent
103.104.14.224,8080,HTTP/HTTPS,transparent
176.117.105.21,8080,HTTP/HTTPS,transparent
213.142.156.97,80,HTTP/HTTPS,anonymous
82.115.25.50,80,HTTP/HTTPS,anonymous
8.213.215.187,8889,HTTP/HTTPS,transparent
35.206.88.200,8888,HTTP/HTTPS,transparent
204.199.102.211,8080,HTTP/HTTPS,transparent
201.131.201.146,999,HTTP/HTTPS,transparent
185.8.175.147,80,HTTP/HTTPS,anonymous
219.93.101.60,80,HTTP/HTTPS,anonymous
154.17.228.122,80,HTTP/HTTPS,anonymous
164.92.119.198,1080,HTTP/HTTPS,elite proxy
85.214.107.177,80,HTTP/HTTPS,elite proxy
154.17.224.118,80,HTTP/HTTPS,anonymous
46.29.20.233,80,HTTP/HTTPS,elite proxy
139.162.167.184,80,HTTP/HTTPS,elite proxy
91.107.155.161,80,HTTP/HTTPS,anonymous
89.110.115.238,80,HTTP/HTTPS,anonymous
45.22.209.157,8888,HTTP/HTTPS,anonymous
5.202.176.42,80,HTTP/HTTPS,anonymous
188.245.218.56,80,HTTP/HTTPS,anonymous
85.214.204.79,80,HTTP/HTTPS,elite proxy
13.204.150.141,80,HTTP/HTTPS,elite proxy
68.183.143.134,80,HTTP/HTTPS,elite proxy
34.81.160.132,80,HTTP/HTTPS,elite proxy
46.47.197.210,3128,HTTP/HTTPS,elite proxy
23.247.136.254,80,HTTP/HTTPS,anonymous
50.122.86.118,80,HTTP/HTTPS,anonymous
154.61.76.24,8081,HTTP/HTTPS,anonymous
192.73.244.36,80,HTTP/HTTPS,elite proxy
147.91.22.150,80,HTTP/HTTPS,elite proxy
68.183.180.48,8080,HTTP/HTTPS,anonymous
209.13.186.20,80,HTTP/HTTPS,elite proxy
89.58.57.45,80,HTTP/HTTPS,anonymous
139.162.200.213,80,HTTP/HTTPS,anonymous
44.213.1.118,80,HTTP/HTTPS,elite proxy
18.202.158.161,80,HTTP/HTTPS,anonymous
52.87.167.25,80,HTTP/HTTPS,anonymous
143.42.66.91,80,HTTP/HTTPS,anonymous
35.154.136.66,80,HTTP/HTTPS,elite proxy
62.99.135.51,80,HTTP/HTTPS,elite proxy
65.108.103.19,80,HTTP/HTTPS,elite proxy
178.175.231.10,80,HTTP/HTTPS,anonymous
212.114.194.78,80,HTTP/HTTPS,anonymous
176.126.164.213,80,HTTP/HTTPS,anonymous
62.109.19.5,80,HTTP/HTTPS,elite proxy
58.152.58.208,80,HTTP/HTTPS,anonymous
47.74.157.194,80,HTTP/HTTPS,anonymous
5.75.198.72,80,HTTP/HTTPS,anonymous
178.175.231.13,80,HTTP/HTTPS,anonymous
136.61.112.82,8080,HTTP/HTTPS,elite proxy
41.191.203.162,80,HTTP/HTTPS,anonymous
91.109.204.213,80,HTTP/HTTPS,anonymous
5.188.190.114,80,HTTP/HTTPS,anonymous
172.193.178.226,80,HTTP/HTTPS,elite proxy
95.179.242.209,80,HTTP/HTTPS,anonymous
174.136.204.40,80,HTTP/HTTPS,anonymous
95.216.49.153,80,HTTP/HTTPS,anonymous
40.172.79.208,80,HTTP/HTTPS,elite proxy
41.220.16.208,80,HTTP/HTTPS,anonymous
51.112.102.82,80,HTTP/HTTPS,elite proxy
196.1.97.198,80,HTTP/HTTPS,elite proxy
144.125.164.222,8080,HTTP/HTTPS,anonymous
35.202.49.74,80,HTTP/HTTPS,anonymous
103.40.226.126,26100,HTTP/HTTPS,anonymous
159.112.136.219,18081,HTTP/HTTPS,elite proxy
193.181.35.20,8118,HTTP/HTTPS,anonymous
103.158.253.13,8382,HTTP/HTTPS,elite proxy
157.66.16.54,8989,HTTP/HTTPS,transparent
24.172.82.94,53281,HTTP/HTTPS,transparent
47.79.19.26,8118,HTTP/HTTPS,transparent
79.121.102.227,8080,HTTP/HTTPS,transparent
13.200.61.219,80,HTTP/HTTPS,elite proxy
212.175.61.31,8080,HTTP/HTTPS,anonymous
167.99.124.118,80,HTTP/HTTPS,anonymous
78.28.152.113,80,HTTP/HTTPS,elite proxy
197.221.234.253,80,HTTP/HTTPS,anonymous
177.19.167.242,80,HTTP/HTTPS,transparent
103.122.65.11,8080,HTTP/HTTPS,transparent
124.104.198.151,8080,HTTP/HTTPS,transparent
192.46.230.254,3128,HTTP/HTTPS,transparent
27.147.218.162,8080,HTTP/HTTPS,transparent
103.169.254.105,8080,HTTP/HTTPS,transparent
117.103.71.77,8715,HTTP/HTTPS,transparent
203.145.214.167,80,HTTP/HTTPS,transparent
190.61.106.97,8080,HTTP/HTTPS,transparent
103.171.183.222,8097,HTTP/HTTPS,transparent
103.169.189.125,3125,HTTP/HTTPS,transparent
103.171.183.146,7777,HTTP/HTTPS,transparent
181.233.62.9,999,HTTP/HTTPS,transparent
138.204.95.166,8080,HTTP/HTTPS,transparent
204.199.202.133,999,HTTP/HTTPS,transparent
103.188.169.160,7777,HTTP/HTTPS,transparent
103.242.105.65,7200,HTTP/HTTPS,transparent
38.156.72.29,8080,HTTP/HTTPS,transparent
24.152.40.49,8080,HTTP/HTTPS,transparent
38.156.72.10,8080,HTTP/HTTPS,transparent
129.205.198.122,8080,HTTP/HTTPS,transparent
103.124.137.99,8080,HTTP/HTTPS,transparent
91.230.65.202,8080,HTTP/HTTPS,transparent
103.167.219.82,8080,HTTP/HTTPS,transparent
36.93.73.154,8080,HTTP/HTTPS,transparent
196.251.223.29,8104,HTTP/HTTPS,transparent
102.221.40.114,8080,HTTP/HTTPS,transparent
35.209.198.222,80,HTTP/HTTPS,elite proxy
16.51.152.217,324,HTTP/HTTPS,elite proxy
170.64.233.94,8080,HTTP/HTTPS,elite proxy
188.166.229.121,80,HTTP/HTTPS,elite proxy
79.137.17.104,80,HTTP/HTTPS,elite proxy
45.204.208.22,60002,HTTP/HTTPS,elite proxy
139.59.1.14,80,HTTP/HTTPS,anonymous
156.146.56.232,8081,HTTP/HTTPS,anonymous
62.133.63.236,1111,HTTP/HTTPS,elite proxy
196.223.129.21,80,HTTP/HTTPS,elite proxy
32.223.6.94,80,HTTP/HTTPS,anonymous
190.58.248.86,80,HTTP/HTTPS,anonymous
34.122.187.196,80,HTTP/HTTPS,elite proxy
198.49.68.80,80,HTTP/HTTPS,elite proxy
34.87.84.105,80,HTTP/HTTPS,elite proxy
159.65.166.126,8118,HTTP/HTTPS,elite proxy
213.157.6.50,80,HTTP/HTTPS,anonymous
147.75.34.105,443,HTTP/HTTPS,elite proxy
75.84.71.14,80,HTTP/HTTPS,elite proxy
159.223.32.95,8080,HTTP/HTTPS,anonymous
185.181.183.51,80,HTTP/HTTPS,anonymous
190.110.226.122,80,HTTP/HTTPS,elite proxy
62.99.138.162,80,HTTP/HTTPS,anonymous
201.222.50.218,80,HTTP/HTTPS,elite proxy
103.159.37.151,80,HTTP/HTTPS,elite proxy
79.101.106.74,33608,HTTP/HTTPS,Socks4
128.199.104.190,41354,HTTP/HTTPS,Socks4
171.254.219.189,1080,HTTP/HTTPS,Socks4
196.40.117.114,5678,HTTP/HTTPS,Socks4
47.238.220.188,1011,HTTP/HTTPS,Socks4
193.243.154.146,4145,HTTP/HTTPS,Socks4
67.206.213.202,55555,HTTP/HTTPS,Socks4
170.244.0.179,4145,HTTP/HTTPS,Socks4
165.0.100.149,5678,HTTP/HTTPS,Socks4
174.77.111.196,4145,HTTP/HTTPS,Socks4
202.123.183.66,5678,HTTP/HTTPS,Socks4
156.252.0.250,59249,HTTP/HTTPS,Socks4
212.126.5.242,42344,HTTP/HTTPS,Socks4
89.151.134.157,3629,HTTP/HTTPS,Socks4
103.97.140.157,1080,HTTP/HTTPS,Socks4
8.220.205.172,8118,HTTP/HTTPS,Socks4
125.26.4.197,4145,HTTP/HTTPS,Socks4
200.105.192.6,5678,HTTP/HTTPS,Socks4
98.170.57.241,4145,HTTP/HTTPS,Socks4
8.213.215.187,4002,HTTP/HTTPS,Socks4
202.136.89.134,11311,HTTP/HTTPS,Socks4
174.75.211.193,4145,HTTP/HTTPS,Socks4
192.252.211.197,14921,HTTP/HTTPS,Socks4
103.165.64.86,4153,HTTP/HTTPS,Socks4
43.252.237.98,4145,HTTP/HTTPS,Socks4
46.160.90.81,5678,HTTP/HTTPS,Socks4
46.241.57.29,1080,HTTP/HTTPS,Socks4
103.127.23.10,5678,HTTP/HTTPS,Socks4
85.237.51.73,4145,HTTP/HTTPS,Socks4
129.151.130.247,1111,HTTP/HTTPS,Socks4
96.36.50.99,39593,HTTP/HTTPS,Socks4
46.229.66.241,1080,HTTP/HTTPS,Socks4
95.188.64.220,1080,HTTP/HTTPS,Socks4
8.211.194.78,80,HTTP/HTTPS,Socks4
176.112.96.2,3629,HTTP/HTTPS,Socks4
46.8.60.2,1080,HTTP/HTTPS,Socks4
79.120.9.143,7777,HTTP/HTTPS,Socks4
187.44.211.118,4153,HTTP/HTTPS,Socks4
72.206.74.126,4145,HTTP/HTTPS,Socks4
109.238.208.130,4153,HTTP/HTTPS,Socks4
86.100.63.246,4145,HTTP/HTTPS,Socks4
62.103.186.66,4153,HTTP/HTTPS,Socks4
110.77.149.227,4153,HTTP/HTTPS,Socks4
186.1.182.194,4153,HTTP/HTTPS,Socks4
171.248.218.11,1080,HTTP/HTTPS,Socks4
98.178.72.30,4145,HTTP/HTTPS,Socks4
36.37.189.64,5678,HTTP/HTTPS,Socks4
103.152.92.134,21080,HTTP/HTTPS,Socks4
200.192.236.242,1080,HTTP/HTTPS,Socks4
45.171.216.12,3629,HTTP/HTTPS,Socks4
88.87.79.18,3629,HTTP/HTTPS,Socks4
5.58.47.25,3629,HTTP/HTTPS,Socks4
24.37.245.42,51056,HTTP/HTTPS,Socks4
14.241.241.185,4145,HTTP/HTTPS,Socks4
92.42.8.22,4153,HTTP/HTTPS,Socks4
72.195.114.169,4145,HTTP/HTTPS,Socks4
192.111.139.162,4145,HTTP/HTTPS,Socks4
183.80.54.224,1080,HTTP/HTTPS,Socks4
72.195.34.35,27360,HTTP/HTTPS,Socks4
31.172.133.253,4153,HTTP/HTTPS,Socks4
103.160.205.38,8080,HTTP/HTTPS,Socks4
166.62.35.102,45775,HTTP/HTTPS,Socks4
192.111.130.5,17002,HTTP/HTTPS,Socks4
115.127.180.90,5678,HTTP/HTTPS,Socks4
72.207.113.97,4145,HTTP/HTTPS,Socks4
199.102.105.242,4145,HTTP/HTTPS,Socks4
192.111.129.145,16894,HTTP/HTTPS,Socks4
192.252.208.67,14287,HTTP/HTTPS,Socks4
89.179.112.252,5678,HTTP/HTTPS,Socks4
31.42.2.113,5678,HTTP/HTTPS,Socks4
80.78.64.70,4145,HTTP/HTTPS,Socks4
192.252.209.155,14455,HTTP/HTTPS,Socks4
122.252.179.66,5678,HTTP/HTTPS,Socks4
38.51.48.19,5678,HTTP/HTTPS,Socks4
78.128.124.108,5678,HTTP/HTTPS,Socks4
94.232.11.178,58028,HTTP/HTTPS,Socks4
72.195.34.41,4145,HTTP/HTTPS,Socks4
213.149.154.213,5678,HTTP/HTTPS,Socks4
174.77.111.198,49547,HTTP/HTTPS,Socks4
37.193.71.189,1080,HTTP/HTTPS,Socks4
72.195.114.184,4145,HTTP/HTTPS,Socks4
109.104.212.25,4153,HTTP/HTTPS,Socks4
41.223.234.116,37259,HTTP/HTTPS,Socks4
31.146.73.192,4153,HTTP/HTTPS,Socks4
47.86.42.72,1100,HTTP/HTTPS,Socks4
128.199.37.92,1080,HTTP/HTTPS,Socks4
184.170.249.65,4145,HTTP/HTTPS,Socks4
185.161.186.92,54321,HTTP/HTTPS,Socks4
70.166.167.38,57728,HTTP/HTTPS,Socks4
98.175.31.195,4145,HTTP/HTTPS,Socks4
68.71.243.14,4145,HTTP/HTTPS,Socks4
142.54.236.97,4145,HTTP/HTTPS,Socks4
47.250.11.111,51,HTTP/HTTPS,Socks4
62.201.212.198,4673,HTTP/HTTPS,Socks4
14.63.49.131,4145,HTTP/HTTPS,Socks4
78.140.46.48,1080,HTTP/HTTPS,Socks4
192.252.211.193,4145,HTTP/HTTPS,Socks4
69.49.234.59,55781,HTTP/HTTPS,Socks4
67.201.39.14,4145,HTTP/HTTPS,Socks4
107.152.98.5,4145,HTTP/HTTPS,Socks4
8.209.96.245,5060,HTTP/HTTPS,Socks4
192.252.220.89,4145,HTTP/HTTPS,Socks4
98.170.57.231,4145,HTTP/HTTPS,Socks4
165.22.110.253,1080,HTTP/HTTPS,Socks4
80.78.73.120,65530,HTTP/HTTPS,Socks4
159.203.61.169,1080,HTTP/HTTPS,Socks4
78.29.46.43,1080,HTTP/HTTPS,Socks4
13.36.243.194,16679,HTTP/HTTPS,Socks4
139.255.86.226,5678,HTTP/HTTPS,Socks4
184.178.172.28,15294,HTTP/HTTPS,Socks4
70.166.167.55,57745,HTTP/HTTPS,Socks4
103.131.156.90,6789,HTTP/HTTPS,Socks4
103.189.218.76,6969,HTTP/HTTPS,Socks4
68.1.210.163,4145,HTTP/HTTPS,Socks4
184.170.251.30,11288,HTTP/HTTPS,Socks4
91.247.250.215,4145,HTTP/HTTPS,Socks4
108.175.23.49,13135,HTTP/HTTPS,Socks4
184.178.172.14,4145,HTTP/HTTPS,Socks4
175.203.138.160,5678,HTTP/HTTPS,Socks4
1.20.227.66,4145,HTTP/HTTPS,Socks4
72.207.33.64,4145,HTTP/HTTPS,Socks4
184.181.178.33,4145,HTTP/HTTPS,Socks4
103.210.35.98,4145,HTTP/HTTPS,Socks4
192.111.135.18,18301,HTTP/HTTPS,Socks4
36.95.245.81,5678,HTTP/HTTPS,Socks4
72.223.188.92,4145,HTTP/HTTPS,Socks4
171.254.219.98,1080,HTTP/HTTPS,Socks4
195.98.82.63,1080,HTTP/HTTPS,Socks4
8.210.89.96,1080,HTTP/HTTPS,Socks4
206.220.175.2,4145,HTTP/HTTPS,Socks4
198.8.94.170,4145,HTTP/HTTPS,Socks4
109.106.196.250,4145,HTTP/HTTPS,Socks4
72.205.0.93,4145,HTTP/HTTPS,Socks4
184.178.172.13,15311,HTTP/HTTPS,Socks4
192.111.137.37,18762,HTTP/HTTPS,Socks4
46.214.153.223,5678,HTTP/HTTPS,Socks4
109.248.236.150,60606,HTTP/HTTPS,Socks4
192.252.220.92,17328,HTTP/HTTPS,Socks4
46.8.60.34,1080,HTTP/HTTPS,Socks4
184.181.217.220,4145,HTTP/HTTPS,Socks4
124.158.149.66,4153,HTTP/HTTPS,Socks4
98.182.147.97,4145,HTTP/HTTPS,Socks4
98.181.137.83,4145,HTTP/HTTPS,Socks4
24.249.199.4,4145,HTTP/HTTPS,Socks4
125.228.94.199,4145,HTTP/HTTPS,Socks4
72.223.188.67,4145,HTTP/HTTPS,Socks4
98.191.0.47,4145,HTTP/HTTPS,Socks4
41.162.162.142,4153,HTTP/HTTPS,Socks4
45.187.76.2,3629,HTTP/HTTPS,Socks4
67.201.58.190,4145,HTTP/HTTPS,Socks4
85.102.10.94,4153,HTTP/HTTPS,Socks4
202.131.246.250,5678,HTTP/HTTPS,Socks4
98.190.239.3,4145,HTTP/HTTPS,Socks4
195.91.129.101,1337,HTTP/HTTPS,Socks4
199.187.210.54,4145,HTTP/HTTPS,Socks4
49.0.156.20,32000,HTTP/HTTPS,Socks4
178.236.112.175,5678,HTTP/HTTPS,Socks4
187.17.201.203,38737,HTTP/HTTPS,Socks4
154.66.108.52,3629,HTTP/HTTPS,Socks4
98.191.0.37,4145,HTTP/HTTPS,Socks4
72.195.34.60,27391,HTTP/HTTPS,Socks4
68.71.241.33,4145,HTTP/HTTPS,Socks4
68.1.210.189,4145,HTTP/HTTPS,Socks4
72.195.34.58,4145,HTTP/HTTPS,Socks4
167.172.138.48,49167,HTTP/HTTPS,Socks4
185.26.168.17,4153,HTTP/HTTPS,Socks4
107.181.168.145,4145,HTTP/HTTPS,Socks4
212.237.125.216,6969,HTTP/HTTPS,Socks4
104.200.152.30,4145,HTTP/HTTPS,Socks4
138.68.21.132,40467,HTTP/HTTPS,Socks4
72.195.101.99,4145,HTTP/HTTPS,Socks4
27.75.153.175,1080,HTTP/HTTPS,Socks4
200.30.165.2,60606,HTTP/HTTPS,Socks4
72.37.216.68,4145,HTTP/HTTPS,Socks4
144.124.227.90,10808,HTTP/HTTPS,Socks4
72.211.46.124,4145,HTTP/HTTPS,Socks4
195.29.122.132,60606,HTTP/HTTPS,Socks4
98.175.31.222,4145,HTTP/HTTPS,Socks4
89.46.249.252,8765,HTTP/HTTPS,Socks4
104.248.203.234,1080,HTTP/HTTPS,Socks4
98.188.47.132,4145,HTTP/HTTPS,Socks4
76.26.114.253,39593,HTTP/HTTPS,Socks4
139.59.1.14,1080,HTTP/HTTPS,Socks4
170.81.108.153,4153,HTTP/HTTPS,Socks4
185.54.178.193,1080,HTTP/HTTPS,Socks4
103.160.12.147,8199,HTTP/HTTPS,Socks4
174.64.199.79,4145,HTTP/HTTPS,Socks4
184.178.172.26,4145,HTTP/HTTPS,Socks4
161.97.68.9,1080,HTTP/HTTPS,Socks4
192.252.215.5,16137,HTTP/HTTPS,Socks4
184.181.217.210,4145,HTTP/HTTPS,Socks4
184.178.172.5,15303,HTTP/HTTPS,Socks4
89.250.148.158,1080,HTTP/HTTPS,Socks4
85.116.120.106,3629,HTTP/HTTPS,Socks4
109.232.106.150,52435,HTTP/HTTPS,Socks4
98.188.47.150,4145,HTTP/HTTPS,Socks4
199.102.107.145,4145,HTTP/HTTPS,Socks4
8.220.194.115,1080,HTTP/HTTPS,Socks4
166.108.197.69,12308,HTTP/HTTPS,Socks4
72.211.46.99,4145,HTTP/HTTPS,Socks4
103.182.240.75,1080,HTTP/HTTPS,Socks4
181.115.74.172,5678,HTTP/HTTPS,Socks4
171.247.247.100,1080,HTTP/HTTPS,Socks4
186.47.213.158,5678,HTTP/HTTPS,Socks4
213.250.198.146,7777,HTTP/HTTPS,Socks4
200.122.92.211,5678,HTTP/HTTPS,Socks4
184.178.172.17,4145,HTTP/HTTPS,Socks4
128.199.202.122,1080,HTTP/HTTPS,Socks4
201.93.159.234,4145,HTTP/HTTPS,Socks4
103.146.170.244,5678,HTTP/HTTPS,Socks4
80.78.74.8,65530,HTTP/HTTPS,Socks4
72.195.34.59,4145,HTTP/HTTPS,Socks4
190.249.169.153,3629,HTTP/HTTPS,Socks4
8.39.228.21,39593,HTTP/HTTPS,Socks4
41.93.78.218,1088,HTTP/HTTPS,Socks4
185.210.85.26,56981,HTTP/HTTPS,Socks4
177.85.65.177,4153,HTTP/HTTPS,Socks4
190.220.25.42,4153,HTTP/HTTPS,Socks4
142.54.239.1,4145,HTTP/HTTPS,Socks4
87.117.11.57,1080,HTTP/HTTPS,Socks4
91.84.125.92,1080,HTTP/HTTPS,Socks4
103.79.96.154,4153,HTTP/HTTPS,Socks4
43.247.13.234,5678,HTTP/HTTPS,Socks4
119.15.89.87,5678,HTTP/HTTPS,Socks4
24.249.199.12,4145,HTTP/HTTPS,Socks4
67.201.33.10,25283,HTTP/HTTPS,Socks4
27.147.244.93,10888,HTTP/HTTPS,Socks4
203.189.159.241,1080,HTTP/HTTPS,Socks4
138.94.28.234,40658,HTTP/HTTPS,Socks4
98.178.72.21,10919,HTTP/HTTPS,Socks4
200.43.231.17,4145,HTTP/HTTPS,Socks4
202.162.212.164,4153,HTTP/HTTPS,Socks4
143.137.116.72,1080,HTTP/HTTPS,Socks4
47.236.181.191,33333,HTTP/HTTPS,Socks4
43.208.240.77,12587,HTTP/HTTPS,Socks4
103.140.35.11,4145,HTTP/HTTPS,Socks4
197.232.43.224,1080,HTTP/HTTPS,Socks4
143.47.59.115,8118,HTTP/HTTPS,Socks4
183.80.130.10,4145,HTTP/HTTPS,Socks4
43.228.95.138,5678,HTTP/HTTPS,Socks4
168.194.75.98,8888,HTTP/HTTPS,Socks4
161.49.100.131,1080,HTTP/HTTPS,Socks4
142.54.231.38,4145,HTTP/HTTPS,Socks4
199.102.106.94,4145,HTTP/HTTPS,Socks4
31.131.135.247,4153,HTTP/HTTPS,Socks4
118.91.175.146,5678,HTTP/HTTPS,Socks4
1.32.57.85,5678,HTTP/HTTPS,Socks4
176.118.232.12,5678,HTTP/HTTPS,Socks4
192.111.129.150,4145,HTTP/HTTPS,Socks4
114.4.200.222,5678,HTTP/HTTPS,Socks4
202.51.126.241,1080,HTTP/HTTPS,Socks4
187.103.74.137,5678,HTTP/HTTPS,Socks4
176.235.182.84,1080,HTTP/HTTPS,Socks4
190.104.219.148,4153,HTTP/HTTPS,Socks4
58.27.203.108,5678,HTTP/HTTPS,Socks4
123.143.162.221,6388,HTTP/HTTPS,Socks4
98.182.171.161,4145,HTTP/HTTPS,Socks4
174.75.211.222,4145,HTTP/HTTPS,Socks4
157.245.62.153,1080,HTTP/HTTPS,Socks4
103.172.71.204,1080,HTTP/HTTPS,Socks4
43.230.196.98,48200,HTTP/HTTPS,Socks4
103.239.200.226,11,HTTP/HTTPS,Socks4
43.217.158.81,41804,HTTP/HTTPS,Socks4
142.54.232.6,4145,HTTP/HTTPS,Socks4
91.187.121.211,2080,HTTP/HTTPS,Socks4
223.25.109.146,8199,HTTP/HTTPS,Socks4
38.183.144.18,1080,HTTP/HTTPS,Socks4
45.177.80.210,1080,HTTP/HTTPS,Socks4
80.78.74.66,65530,HTTP/HTTPS,Socks4
179.189.219.98,4145,HTTP/HTTPS,Socks4
197.156.240.66,5678,HTTP/HTTPS,Socks4
36.64.62.111,5678,HTTP/HTTPS,Socks4
78.63.115.20,8899,HTTP/HTTPS,Socks4
72.195.34.42,4145,HTTP/HTTPS,Socks4
72.205.0.67,4145,HTTP/HTTPS,Socks4
82.137.250.156,4145,HTTP/HTTPS,Socks4
45.228.151.157,1088,HTTP/HTTPS,Socks4
68.71.249.153,48606,HTTP/HTTPS,Socks4
198.199.86.11,1080,HTTP/HTTPS,Socks4
34.124.190.108,8080,HTTP/HTTPS,Socks4
118.70.151.55,1080,HTTP/HTTPS,Socks4
184.178.172.25,15291,HTTP/HTTPS,Socks4
184.181.217.213,4145,HTTP/HTTPS,Socks4
70.166.65.160,4145,HTTP/HTTPS,Socks4
186.190.228.83,4153,HTTP/HTTPS,Socks4
103.83.36.1,5678,HTTP/HTTPS,Socks4
125.234.89.37,1080,HTTP/HTTPS,Socks4
103.103.88.103,8888,HTTP/HTTPS,Socks4
8.213.222.157,1080,HTTP/HTTPS,Socks4
202.40.182.158,1080,HTTP/HTTPS,Socks4
46.146.220.247,1080,HTTP/HTTPS,Socks4
103.140.74.200,5678,HTTP/HTTPS,Socks4
203.77.239.219,50574,HTTP/HTTPS,Socks4
177.55.191.22,60606,HTTP/HTTPS,Socks4
168.232.213.9,4153,HTTP/HTTPS,Socks4
103.154.113.242,4153,HTTP/HTTPS,Socks4
206.42.51.78,4153,HTTP/HTTPS,Socks4
45.61.188.134,44499,HTTP/HTTPS,Socks4
103.244.107.106,1080,HTTP/HTTPS,Socks4
202.40.186.70,1080,HTTP/HTTPS,Socks4
154.17.228.122,80,HTTP/HTTPS,anonymous
164.92.119.198,1080,HTTP/HTTPS,elite proxy
154.17.224.118,80,HTTP/HTTPS,anonymous
45.22.209.157,8888,HTTP/HTTPS,anonymous
68.183.143.134,80,HTTP/HTTPS,elite proxy
23.247.136.254,80,HTTP/HTTPS,anonymous
50.122.86.118,80,HTTP/HTTPS,anonymous
192.73.244.36,80,HTTP/HTTPS,elite proxy
44.213.1.118,80,HTTP/HTTPS,elite proxy
52.87.167.25,80,HTTP/HTTPS,anonymous
136.61.112.82,8080,HTTP/HTTPS,elite proxy
172.193.178.226,80,HTTP/HTTPS,elite proxy
174.136.204.40,80,HTTP/HTTPS,anonymous
12.50.107.217,80,HTTP/HTTPS,anonymous
3.224.26.242,80,HTTP/HTTPS,elite proxy
144.125.164.222,8080,HTTP/HTTPS,anonymous
45.59.186.60,80,HTTP/HTTPS,anonymous
35.202.49.74,80,HTTP/HTTPS,anonymous
24.172.82.94,53281,HTTP/HTTPS,transparent
167.99.124.118,80,HTTP/HTTPS,anonymous
138.91.159.185,80,HTTP/HTTPS,elite proxy
35.209.198.222,80,HTTP/HTTPS,elite proxy
44.199.53.97,80,HTTP/HTTPS,elite proxy
32.223.6.94,80,HTTP/HTTPS,anonymous
34.122.187.196,80,HTTP/HTTPS,elite proxy
198.49.68.80,80,HTTP/HTTPS,elite proxy
159.65.166.126,8118,HTTP/HTTPS,elite proxy
75.84.71.14,80,HTTP/HTTPS,elite proxy
174.138.119.88,80,HTTP/HTTPS,anonymous
172.93.187.26,80,HTTP/HTTPS,elite proxy
209.97.150.167,8080,HTTP/HTTPS,anonymous
198.199.86.11,80,HTTP/HTTPS,anonymous
35.197.89.213,80,HTTP/HTTPS,elite proxy
47.6.9.54,80,HTTP/HTTPS,elite proxy
35.88.74.245,80,HTTP/HTTPS,elite proxy
66.135.16.53,80,HTTP/HTTPS,elite proxy
173.249.210.102,80,HTTP/HTTPS,anonymous
3.130.228.7,80,HTTP/HTTPS,anonymous
173.249.205.117,8888,HTTP/HTTPS,elite proxy
12.50.107.220,80,HTTP/HTTPS,anonymous
144.202.113.89,80,HTTP/HTTPS,anonymous
216.229.112.25,8080,HTTP/HTTPS,elite proxy
20.81.205.173,80,HTTP/HTTPS,elite proxy
12.50.107.222,80,HTTP/HTTPS,anonymous
216.158.230.93,80,HTTP/HTTPS,anonymous
12.50.107.219,80,HTTP/HTTPS,anonymous
34.234.201.164,80,HTTP/HTTPS,anonymous
15.204.243.210,80,HTTP/HTTPS,anonymous
108.161.135.118,80,HTTP/HTTPS,elite proxy
100.27.183.62,8080,HTTP/HTTPS,anonymous
50.203.147.153,80,HTTP/HTTPS,anonymous
138.68.60.8,80,HTTP/HTTPS,anonymous
104.237.232.172,3128,HTTP/HTTPS,transparent
207.177.122.144,8080,HTTP/HTTPS,transparent
38.54.101.90,80,HTTP/HTTPS,anonymous
198.111.166.184,80,HTTP/HTTPS,elite proxy
51.8.61.60,80,HTTP/HTTPS,anonymous
12.50.107.221,80,HTTP/HTTPS,anonymous
44.225.30.92,80,HTTP/HTTPS,anonymous
52.188.28.218,3128,HTTP/HTTPS,anonymous
38.12.32.174,10808,HTTP/HTTPS,elite proxy
50.203.147.152,80,HTTP/HTTPS,anonymous
72.240.9.63,80,HTTP/HTTPS,transparent
166.144.154.245,80,HTTP/HTTPS,transparent
20.96.194.191,3128,HTTP/HTTPS,transparent
136.0.194.181,6918,HTTP/HTTPS,transparent
148.135.151.173,5666,HTTP/HTTPS,transparent
92.113.7.34,6760,HTTP/HTTPS,transparent
184.174.27.90,6313,HTTP/HTTPS,transparent
23.27.196.219,6588,HTTP/HTTPS,transparent
212.18.127.168,8085,HTTP/HTTPS,transparent
45.136.25.103,8085,HTTP/HTTPS,transparent
193.233.218.167,8085,HTTP/HTTPS,transparent
23.95.250.223,6496,HTTP/HTTPS,transparent
45.147.232.162,8085,HTTP/HTTPS,transparent
45.127.250.234,5843,HTTP/HTTPS,transparent
64.64.118.14,6597,HTTP/HTTPS,transparent
173.211.69.187,6780,HTTP/HTTPS,transparent
140.235.171.118,8085,HTTP/HTTPS,transparent
140.235.169.170,8085,HTTP/HTTPS,transparent
45.136.25.53,8085,HTTP/HTTPS,transparent
161.123.101.21,6647,HTTP/HTTPS,transparent
167.253.18.159,8085,HTTP/HTTPS,transparent
45.115.195.10,5988,HTTP/HTTPS,transparent
192.3.48.158,6151,HTTP/HTTPS,transparent
140.235.170.98,8085,HTTP/HTTPS,transparent
184.174.46.131,5760,HTTP/HTTPS,transparent
154.6.59.28,6496,HTTP/HTTPS,transparent
216.26.225.203,3129,HTTP/HTTPS,transparent
142.111.48.48,6825,HTTP/HTTPS,transparent
45.56.173.177,6160,HTTP/HTTPS,transparent
198.37.116.201,6160,HTTP/HTTPS,transparent
50.203.147.158,80,HTTP/HTTPS,anonymous
138.197.68.35,4857,HTTP/HTTPS,anonymous
129.213.139.179,8080,HTTP/HTTPS,transparent
47.206.148.13,80,HTTP/HTTPS,elite proxy
140.235.0.106,8085,HTTP/HTTPS,transparent
69.58.12.251,8256,HTTP/HTTPS,transparent
216.74.118.11,6166,HTTP/HTTPS,transparent
23.229.126.176,7705,HTTP/HTTPS,transparent
45.136.26.250,8085,HTTP/HTTPS,transparent
216.74.115.52,6646,HTTP/HTTPS,transparent
38.154.123.54,8800,HTTP/HTTPS,transparent
148.135.148.209,6202,HTTP/HTTPS,transparent
45.41.176.131,6429,HTTP/HTTPS,transparent
148.135.148.162,6155,HTTP/HTTPS,transparent
206.206.119.39,5950,HTTP/HTTPS,transparent
67.227.113.60,5600,HTTP/HTTPS,transparent
91.247.163.86,8085,HTTP/HTTPS,transparent
185.77.223.30,8085,HTTP/HTTPS,transparent
37.72.141.62,8085,HTTP/HTTPS,transparent
179.61.245.105,6884,HTTP/HTTPS,transparent
192.177.87.100,5946,HTTP/HTTPS,transparent
69.58.12.148,8153,HTTP/HTTPS,transparent
196.51.78.49,8800,HTTP/HTTPS,transparent
107.173.36.5,5460,HTTP/HTTPS,transparent
198.23.214.208,6475,HTTP/HTTPS,transparent
196.51.75.13,8800,HTTP/HTTPS,transparent
166.88.64.119,6502,HTTP/HTTPS,transparent
62.204.49.140,8085,HTTP/HTTPS,transparent
38.154.224.160,6701,HTTP/HTTPS,transparent
185.216.105.6,6583,HTTP/HTTPS,transparent
194.180.232.22,8085,HTTP/HTTPS,transparent
89.249.193.227,5965,HTTP/HTTPS,transparent
93.177.95.87,8085,HTTP/HTTPS,transparent
154.6.11.92,5561,HTTP/HTTPS,transparent
166.88.224.235,6133,HTTP/HTTPS,transparent
167.253.49.189,8085,HTTP/HTTPS,transparent
206.206.119.159,6070,HTTP/HTTPS,transparent
50.114.83.128,6612,HTTP/HTTPS,transparent
206.206.73.247,6863,HTTP/HTTPS,transparent
136.0.188.179,6142,HTTP/HTTPS,transparent
45.59.161.8,5800,HTTP/HTTPS,transparent
140.235.2.157,8085,HTTP/HTTPS,transparent
216.26.235.82,3129,HTTP/HTTPS,transparent
65.111.5.220,3129,HTTP/HTTPS,transparent
140.235.171.96,8085,HTTP/HTTPS,transparent
194.99.25.87,8085,HTTP/HTTPS,transparent
212.18.127.135,8085,HTTP/HTTPS,transparent
38.154.206.224,9715,HTTP/HTTPS,transparent
193.233.222.199,8085,HTTP/HTTPS,transparent
45.3.37.175,3129,HTTP/HTTPS,transparent
23.27.209.60,6079,HTTP/HTTPS,transparent
38.154.49.228,8800,HTTP/HTTPS,transparent
64.49.36.62,8085,HTTP/HTTPS,transparent
23.27.203.205,6940,HTTP/HTTPS,transparent
45.147.234.224,8085,HTTP/HTTPS,transparent
23.27.91.108,6187,HTTP/HTTPS,transparent
185.77.220.247,8085,HTTP/HTTPS,transparent
193.202.16.114,8085,HTTP/HTTPS,transparent
140.235.2.51,8085,HTTP/HTTPS,transparent
154.16.146.48,80,HTTP/HTTPS,transparent
82.22.211.21,5829,HTTP/HTTPS,transparent
198.12.112.83,5094,HTTP/HTTPS,transparent
173.214.176.32,6003,HTTP/HTTPS,transparent
45.41.160.217,6199,HTTP/HTTPS,transparent
173.211.69.15,6608,HTTP/HTTPS,transparent
166.88.238.40,6020,HTTP/HTTPS,transparent
206.206.118.131,6369,HTTP/HTTPS,transparent
142.111.93.40,6601,HTTP/HTTPS,transparent
45.41.179.30,6565,HTTP/HTTPS,transparent
193.233.222.160,8085,HTTP/HTTPS,transparent
38.154.49.239,8800,HTTP/HTTPS,transparent
166.88.238.113,6093,HTTP/HTTPS,transparent
45.41.160.195,6177,HTTP/HTTPS,transparent
194.99.25.106,8085,HTTP/HTTPS,transparent
173.214.176.63,6034,HTTP/HTTPS,transparent
154.6.129.89,5559,HTTP/HTTPS,transparent
206.206.73.69,6685,HTTP/HTTPS,transparent
13.87.246.128,3128,HTTP/HTTPS,anonymous
50.203.147.159,80,HTTP/HTTPS,anonymous
66.210.33.34,8080,HTTP/HTTPS,transparent
66.29.154.105,3128,HTTP/HTTPS,anonymous
157.230.220.25,4857,HTTP/HTTPS,anonymous
147.75.68.200,10000,HTTP/HTTPS,transparent
69.75.140.157,8080,HTTP/HTTPS,transparent
144.125.164.158,8080,HTTP/HTTPS,anonymous
50.203.147.155,80,HTTP/HTTPS,anonymous
50.203.147.157,80,HTTP/HTTPS,anonymous
104.232.211.137,5750,HTTP/HTTPS,transparent
104.164.254.64,6743,HTTP/HTTPS,transparent
107.174.136.135,6077,HTTP/HTTPS,transparent
185.202.175.197,6985,HTTP/HTTPS,transparent
166.88.3.77,6548,HTTP/HTTPS,transparent
50.114.82.31,7015,HTTP/HTTPS,transparent
38.154.205.50,5318,HTTP/HTTPS,transparent
136.0.194.135,6872,HTTP/HTTPS,transparent
154.6.115.203,6672,HTTP/HTTPS,transparent
136.0.186.111,6472,HTTP/HTTPS,transparent
142.111.93.70,6631,HTTP/HTTPS,transparent
67.227.36.28,6070,HTTP/HTTPS,transparent
45.41.169.91,6752,HTTP/HTTPS,transparent
23.27.203.186,6921,HTTP/HTTPS,transparent
184.174.30.137,5806,HTTP/HTTPS,transparent
45.61.118.227,5924,HTTP/HTTPS,transparent
142.111.98.48,5749,HTTP/HTTPS,transparent
45.61.116.43,6721,HTTP/HTTPS,transparent
146.103.5.194,6774,HTTP/HTTPS,transparent
161.123.5.247,5296,HTTP/HTTPS,transparent
161.123.130.186,5857,HTTP/HTTPS,transparent
18.135.126.187,8080,HTTP/HTTPS,anonymous
38.60.196.214,80,HTTP/HTTPS,anonymous
78.129.253.152,80,HTTP/HTTPS,anonymous
78.129.253.151,80,HTTP/HTTPS,anonymous
139.162.200.213,80,HTTP/HTTPS,anonymous
78.129.253.148,80,HTTP/HTTPS,anonymous
83.217.162.15,80,HTTP/HTTPS,elite proxy
109.224.242.151,8080,HTTP/HTTPS,transparent
89.46.249.145,36918,HTTP/HTTPS,transparent
78.129.253.149,80,HTTP/HTTPS,anonymous
134.209.29.120,80,HTTP/HTTPS,anonymous
164.138.205.70,8080,HTTP/HTTPS,transparent
146.103.56.224,5772,HTTP/HTTPS,transparent
198.105.111.109,6787,HTTP/HTTPS,transparent
198.105.122.34,6607,HTTP/HTTPS,transparent
198.105.122.73,6646,HTTP/HTTPS,transparent
107.181.148.11,5871,HTTP/HTTPS,transparent
162.220.247.202,6797,HTTP/HTTPS,transparent
145.223.46.150,5700,HTTP/HTTPS,transparent
104.207.50.176,3129,HTTP/HTTPS,transparent
217.69.121.240,5905,HTTP/HTTPS,transparent
185.226.207.27,5576,HTTP/HTTPS,transparent
3.11.74.154,8080,HTTP/HTTPS,transparent
155.254.38.92,5768,HTTP/HTTPS,transparent
185.226.207.193,5742,HTTP/HTTPS,transparent
104.167.6.218,80,HTTP/HTTPS,transparent
198.105.111.39,6717,HTTP/HTTPS,transparent
185.226.204.8,5561,HTTP/HTTPS,transparent
198.105.100.133,6384,HTTP/HTTPS,transparent
162.220.246.220,6504,HTTP/HTTPS,transparent
94.154.127.117,8085,HTTP/HTTPS,transparent
107.181.148.224,6084,HTTP/HTTPS,transparent
104.143.226.203,5806,HTTP/HTTPS,transparent
45.43.64.198,6456,HTTP/HTTPS,transparent
45.135.139.181,6484,HTTP/HTTPS,transparent
31.58.18.106,6375,HTTP/HTTPS,transparent
198.105.111.76,6754,HTTP/HTTPS,transparent
185.226.207.242,5791,HTTP/HTTPS,transparent
51.89.71.175,80,HTTP/HTTPS,transparent
31.59.20.201,6779,HTTP/HTTPS,transparent
8.211.194.85,80,HTTP/HTTPS,transparent
104.143.226.180,5783,HTTP/HTTPS,transparent
45.43.70.153,6440,HTTP/HTTPS,transparent
104.143.226.81,5684,HTTP/HTTPS,transparent
198.105.122.45,6618,HTTP/HTTPS,transparent
104.143.226.36,5639,HTTP/HTTPS,transparent
94.154.127.147,8085,HTTP/HTTPS,transparent
31.58.18.176,6445,HTTP/HTTPS,transparent
198.105.111.251,6929,HTTP/HTTPS,transparent
45.43.81.188,5835,HTTP/HTTPS,transparent
31.58.18.54,6323,HTTP/HTTPS,transparent
185.226.207.182,5731,HTTP/HTTPS,transparent
155.254.38.100,5776,HTTP/HTTPS,transparent
45.43.81.206,5853,HTTP/HTTPS,transparent
31.59.33.46,6622,HTTP/HTTPS,transparent
146.103.56.35,5583,HTTP/HTTPS,transparent
31.59.20.31,6609,HTTP/HTTPS,transparent
146.103.3.20,7073,HTTP/HTTPS,transparent
217.69.121.193,5858,HTTP/HTTPS,transparent
45.135.139.199,6502,HTTP/HTTPS,transparent
107.181.154.15,5693,HTTP/HTTPS,transparent
145.223.46.120,5670,HTTP/HTTPS,transparent
198.105.111.3,6681,HTTP/HTTPS,transparent
217.69.121.244,5909,HTTP/HTTPS,transparent
31.59.20.112,6690,HTTP/HTTPS,transparent
45.135.139.127,6430,HTTP/HTTPS,transparent
146.103.56.118,5666,HTTP/HTTPS,transparent
31.59.33.252,6828,HTTP/HTTPS,transparent
146.103.3.129,7182,HTTP/HTTPS,transparent
45.43.70.111,6398,HTTP/HTTPS,transparent
45.43.64.187,6445,HTTP/HTTPS,transparent
45.135.139.12,6315,HTTP/HTTPS,transparent
104.143.224.114,5975,HTTP/HTTPS,transparent
107.181.148.237,6097,HTTP/HTTPS,transparent
104.143.224.16,5877,HTTP/HTTPS,transparent
45.43.81.204,5851,HTTP/HTTPS,transparent
198.105.100.37,6288,HTTP/HTTPS,transparent
162.220.247.203,6798,HTTP/HTTPS,transparent
31.58.18.76,6345,HTTP/HTTPS,transparent
198.105.100.36,6287,HTTP/HTTPS,transparent
146.103.56.117,5665,HTTP/HTTPS,transparent
146.103.3.233,7286,HTTP/HTTPS,transparent
107.181.148.154,6014,HTTP/HTTPS,transparent
45.43.81.180,5827,HTTP/HTTPS,transparent
162.220.247.241,6836,HTTP/HTTPS,transparent
198.105.111.217,6895,HTTP/HTTPS,transparent
31.59.33.207,6783,HTTP/HTTPS,transparent
217.69.121.76,5741,HTTP/HTTPS,transparent
104.143.226.16,5619,HTTP/HTTPS,transparent
45.43.70.160,6447,HTTP/HTTPS,transparent
185.226.204.205,5758,HTTP/HTTPS,transparent
104.143.224.172,6033,HTTP/HTTPS,transparent
104.143.226.156,5759,HTTP/HTTPS,transparent
18.171.8.207,80,HTTP/HTTPS,transparent
149.57.17.43,5511,HTTP/HTTPS,transparent
149.57.17.199,5667,HTTP/HTTPS,transparent
149.57.17.31,5499,HTTP/HTTPS,transparent
149.57.17.208,5676,HTTP/HTTPS,transparent
149.57.17.237,5705,HTTP/HTTPS,transparent
157.245.40.210,80,HTTP/HTTPS,transparent
200.174.198.32,8888,HTTP/HTTPS,anonymous
8.212.177.126,8080,HTTP/HTTPS,anonymous
44.213.1.118,80,HTTP/HTTPS,elite proxy
62.113.119.14,8080,HTTP/HTTPS,elite proxy
206.189.88.243,8080,HTTP/HTTPS,anonymous
43.217.158.81,41804,HTTP/HTTPS,elite proxy
3.110.230.219,80,HTTP/HTTPS,elite proxy
62.60.151.128,80,HTTP/HTTPS,elite proxy
16.51.152.217,324,HTTP/HTTPS,elite proxy
144.125.164.222,8080,HTTP/HTTPS,anonymous
43.135.36.240,2764,HTTP/HTTPS,anonymous
52.188.28.218,3128,HTTP/HTTPS,anonymous
68.183.180.48,8080,HTTP/HTTPS,anonymous
20.27.15.49,8561,HTTP/HTTPS,anonymous
20.78.26.206,8561,HTTP/HTTPS,anonymous
20.78.118.91,8561,HTTP/HTTPS,anonymous
20.27.11.248,8561,HTTP/HTTPS,anonymous
20.27.14.220,8561,HTTP/HTTPS,anonymous
20.210.39.153,8561,HTTP/HTTPS,anonymous
20.27.15.111,8561,HTTP/HTTPS,anonymous
20.210.76.104,8561,HTTP/HTTPS,anonymous
38.12.32.174,10808,HTTP/HTTPS,elite proxy
40.172.223.148,80,HTTP/HTTPS,elite proxy
193.109.78.195,1080,HTTP/HTTPS,elite proxy
62.133.63.236,1111,HTTP/HTTPS,elite proxy
193.227.240.180,1087,HTTP/HTTPS,elite proxy
34.39.246.220,3128,HTTP/HTTPS,elite proxy
77.105.137.42,8080,HTTP/HTTPS,elite proxy
62.72.43.5,8118,HTTP/HTTPS,elite proxy
138.197.68.35,4857,HTTP/HTTPS,anonymous
186.108.252.177,8080,HTTP/HTTPS,anonymous
8.219.97.248,80,HTTP/HTTPS,anonymous
20.210.76.175,8561,HTTP/HTTPS,anonymous
18.202.158.161,80,HTTP/HTTPS,anonymous
47.238.203.170,50000,HTTP/HTTPS,elite proxy
210.223.44.230,3128,HTTP/HTTPS,anonymous
159.65.11.208,8080,HTTP/HTTPS,anonymous
216.229.112.25,8080,HTTP/HTTPS,elite proxy
194.87.77.22,80,HTTP/HTTPS,elite proxy
72.10.160.90,12297,HTTP/HTTPS,elite proxy
72.10.160.172,17385,HTTP/HTTPS,elite proxy
196.204.83.235,1981,HTTP/HTTPS,anonymous
195.158.8.123,3128,HTTP/HTTPS,elite proxy
47.251.57.165,1080,HTTP/HTTPS,elite proxy
18.191.200.48,3128,HTTP/HTTPS,elite proxy
195.162.19.75,80,HTTP/HTTPS,elite proxy
45.204.208.22,60002,HTTP/HTTPS,elite proxy
60.249.94.59,3128,HTTP/HTTPS,anonymous
67.43.228.250,10115,HTTP/HTTPS,elite proxy
74.50.77.58,9090,HTTP/HTTPS,anonymous
65.108.203.37,18080,HTTP/HTTPS,elite proxy
45.153.68.53,8118,HTTP/HTTPS,elite proxy
136.61.112.82,8080,HTTP/HTTPS,elite proxy
35.152.252.253,8080,HTTP/HTTPS,elite proxy
109.135.16.145,8789,HTTP/HTTPS,elite proxy
20.78.213.56,80,HTTP/HTTPS,elite proxy
185.105.230.45,3128,HTTP/HTTPS,elite proxy
209.145.54.125,8118,HTTP/HTTPS,elite proxy
89.110.80.195,10149,HTTP/HTTPS,elite proxy
24.199.107.98,8080,HTTP/HTTPS,anonymous
35.183.64.191,29715,HTTP/HTTPS,elite proxy
72.10.160.170,13701,HTTP/HTTPS,elite proxy
82.115.24.134,9090,HTTP/HTTPS,anonymous
116.203.139.209,3128,HTTP/HTTPS,elite proxy
52.202.30.36,80,HTTP/HTTPS,anonymous
185.86.195.166,8080,HTTP/HTTPS,anonymous
65.108.159.129,8081,HTTP/HTTPS,elite proxy
158.69.185.37,3129,HTTP/HTTPS,anonymous
47.84.70.29,8888,HTTP/HTTPS,anonymous
43.208.240.77,12587,HTTP/HTTPS,elite proxy
201.139.115.206,8081,HTTP/HTTPS,anonymous
45.184.103.110,999,HTTP/HTTPS,anonymous
20.2.144.174,9998,HTTP/HTTPS,elite proxy
176.126.103.194,44214,HTTP/HTTPS,anonymous
113.11.64.145,43969,HTTP/HTTPS,anonymous
196.204.138.244,1976,HTTP/HTTPS,anonymous
45.177.178.242,999,HTTP/HTTPS,anonymous
167.249.52.91,999,HTTP/HTTPS,anonymous
200.24.159.230,8080,HTTP/HTTPS,anonymous
43.161.250.102,8080,HTTP/HTTPS,anonymous
72.10.160.93,7741,HTTP/HTTPS,elite proxy
185.118.51.230,3128,HTTP/HTTPS,elite proxy
89.36.161.50,3128,HTTP/HTTPS,elite proxy
121.233.233.238,3712,HTTP/HTTPS,anonymous
182.253.93.3,53281,HTTP/HTTPS,anonymous
80.80.163.194,46276,HTTP/HTTPS,elite proxy
82.209.251.53,45678,HTTP/HTTPS,elite proxy
138.124.49.149,10808,HTTP/HTTPS,elite proxy
103.250.69.66,1120,HTTP/HTTPS,anonymous
72.10.160.92,28741,HTTP/HTTPS,elite proxy
87.251.66.73,8080,HTTP/HTTPS,elite proxy
185.238.169.111,50080,HTTP/HTTPS,elite proxy
185.125.23.109,8899,HTTP/HTTPS,anonymous
116.204.127.169,10809,HTTP/HTTPS,anonymous
115.127.178.42,2026,HTTP/HTTPS,elite proxy
139.159.97.42,9798,HTTP/HTTPS,anonymous
3.232.220.76,80,HTTP/HTTPS,anonymous
34.225.220.214,80,HTTP/HTTPS,anonymous
195.154.118.32,22333,HTTP/HTTPS,anonymous
162.243.149.86,31028,HTTP/HTTPS,elite proxy
195.158.8.123,3128,HTTP/HTTPS,anonymous
82.115.24.134,9090,HTTP/HTTPS,anonymous
8.217.147.173,8080,HTTP/HTTPS,anonymous
219.249.37.107,8382,HTTP/HTTPS,anonymous
31.28.4.192,80,HTTP/HTTPS,elite proxy
82.67.115.246,80,HTTP/HTTPS,elite proxy
154.65.39.8,80,HTTP/HTTPS,elite proxy
103.155.197.103,8080,HTTP/HTTPS,elite proxy
164.92.119.198,1080,HTTP/HTTPS,elite proxy
174.138.119.88,80,HTTP/HTTPS,anonymous
172.93.187.26,80,HTTP/HTTPS,elite proxy
156.38.112.11,80,HTTP/HTTPS,elite proxy
85.214.100.194,80,HTTP/HTTPS,elite proxy
185.88.141.109,80,HTTP/HTTPS,elite proxy
181.16.201.37,80,HTTP/HTTPS,elite proxy
83.217.162.15,80,HTTP/HTTPS,elite proxy
31.220.78.244,80,HTTP/HTTPS,elite proxy
176.61.151.123,80,HTTP/HTTPS,elite proxy
209.97.150.167,8080,HTTP/HTTPS,anonymous
190.128.241.102,80,HTTP/HTTPS,elite proxy
154.31.113.209,80,HTTP/HTTPS,anonymous
156.146.56.238,8081,HTTP/HTTPS,anonymous
44.199.53.97,80,HTTP/HTTPS,elite proxy
198.199.86.11,80,HTTP/HTTPS,anonymous
154.65.39.7,80,HTTP/HTTPS,elite proxy
133.18.234.13,80,HTTP/HTTPS,anonymous
103.65.237.92,5678,HTTP/HTTPS,anonymous
34.81.160.132,80,HTTP/HTTPS,elite proxy
20.2.144.174,9998,HTTP/HTTPS,elite proxy
190.58.248.86,80,HTTP/HTTPS,anonymous
35.197.89.213,80,HTTP/HTTPS,elite proxy
188.40.57.101,80,HTTP/HTTPS,elite proxy
89.58.55.33,80,HTTP/HTTPS,anonymous
213.33.126.130,80,HTTP/HTTPS,anonymous
194.158.203.14,80,HTTP/HTTPS,anonymous
124.108.6.20,8085,HTTP/HTTPS,anonymous
62.113.119.14,8080,HTTP/HTTPS,elite proxy
44.213.1.118,80,HTTP/HTTPS,elite proxy
172.238.22.205,80,HTTP/HTTPS,anonymous
193.164.155.166,80,HTTP/HTTPS,anonymous
92.118.115.36,80,HTTP/HTTPS,elite proxy
47.6.9.54,80,HTTP/HTTPS,elite proxy
35.88.74.245,80,HTTP/HTTPS,elite proxy
66.135.16.53,80,HTTP/HTTPS,elite proxy
190.116.28.148,80,HTTP/HTTPS,elite proxy
188.165.199.207,80,HTTP/HTTPS,elite proxy
5.231.204.52,80,HTTP/HTTPS,anonymous
173.249.210.102,80,HTTP/HTTPS,anonymous
195.181.173.65,80,HTTP/HTTPS,anonymous
3.130.228.7,80,HTTP/HTTPS,anonymous
77.42.31.147,80,HTTP/HTTPS,anonymous
78.129.253.148,80,HTTP/HTTPS,anonymous
173.249.205.117,8888,HTTP/HTTPS,elite proxy
212.114.194.75,80,HTTP/HTTPS,anonymous
185.181.183.51,80,HTTP/HTTPS,anonymous
58.152.58.208,80,HTTP/HTTPS,anonymous
78.129.253.149,80,HTTP/HTTPS,anonymous
183.110.216.159,8090,HTTP/HTTPS,anonymous
183.110.216.128,8090,HTTP/HTTPS,anonymous
211.230.49.122,3128,HTTP/HTTPS,anonymous
219.65.73.81,80,HTTP/HTTPS,anonymous
87.228.89.21,80,HTTP/HTTPS,anonymous
12.50.107.220,80,HTTP/HTTPS,anonymous
82.165.20.115,80,HTTP/HTTPS,anonymous
144.202.113.89,80,HTTP/HTTPS,anonymous
116.49.248.98,80,HTTP/HTTPS,anonymous
147.231.163.133,80,HTTP/HTTPS,anonymous
27.34.242.98,80,HTTP/HTTPS,anonymous
103.125.31.222,80,HTTP/HTTPS,anonymous
195.26.224.135,80,HTTP/HTTPS,anonymous
102.223.9.53,80,HTTP/HTTPS,anonymous
78.131.57.23,8080,HTTP/HTTPS,anonymous
216.229.112.25,8080,HTTP/HTTPS,elite proxy
79.175.188.151,80,HTTP/HTTPS,anonymous
20.81.205.173,80,HTTP/HTTPS,elite proxy
193.53.127.169,80,HTTP/HTTPS,anonymous
35.233.82.227,80,HTTP/HTTPS,elite proxy
12.50.107.222,80,HTTP/HTTPS,anonymous
216.158.230.93,80,HTTP/HTTPS,anonymous
12.50.107.219,80,HTTP/HTTPS,anonymous
212.114.194.74,80,HTTP/HTTPS,anonymous
200.174.198.32,8888,HTTP/HTTPS,anonymous
15.207.63.47,80,HTTP/HTTPS,elite proxy
13.200.209.159,80,HTTP/HTTPS,elite proxy
13.78.120.128,80,HTTP/HTTPS,elite proxy
212.114.194.72,80,HTTP/HTTPS,anonymous
85.220.141.220,80,HTTP/HTTPS,anonymous
178.175.231.12,80,HTTP/HTTPS,anonymous
195.114.209.50,80,HTTP/HTTPS,elite proxy
47.56.110.204,8989,HTTP/HTTPS,anonymous
176.126.103.194,44214,HTTP/HTTPS,elite proxy
0.0.0.0,80,HTTP/HTTPS,anonymous
185.8.175.147,80,HTTP/HTTPS,anonymous
213.142.156.97,80,HTTP/HTTPS,anonymous
89.110.115.238,80,HTTP/HTTPS,anonymous
185.88.177.40,80,HTTP/HTTPS,anonymous
34.234.201.164,80,HTTP/HTTPS,anonymous
202.83.30.96,80,HTTP/HTTPS,anonymous
178.162.242.88,80,HTTP/HTTPS,anonymous
15.204.243.210,80,HTTP/HTTPS,anonymous
159.112.235.77,80,http,United States of America
185.193.31.234,80,http,United Kingdom of Great Britain and Northern Ireland
104.19.40.142,80,http,Canada
45.131.210.210,80,http,Belize
104.16.1.94,80,http,Canada
164.38.155.93,80,http,United Kingdom of Great Britain and Northern Ireland
172.66.43.217,80,http,Canada
8.219.77.141,80,http,Singapore
104.16.78.203,80,http,Canada
192.200.160.100,80,http,United States of America
5.10.244.57,80,http,Curaçao
188.42.89.123,80,http,Netherlands
23.227.60.179,80,http,Canada
141.193.213.151,80,http,United States of America
108.162.193.232,80,http,Canada
108.162.193.81,80,http,Canada
45.8.211.198,80,http,Singapore
23.227.39.253,80,http,Canada
172.67.70.34,80,http,Canada
172.67.182.1,80,http,Canada
104.19.243.147,80,http,Canada
104.20.0.76,80,http,Canada
104.18.82.204,80,http,Canada
104.27.15.12,80,http,Canada
185.148.107.250,80,http,Netherlands
185.18.250.156,80,http,Spain
172.67.229.29,80,http,Canada
45.131.7.74,80,http,Belize
185.146.173.223,80,http,Sweden
104.17.202.8,80,http,Canada
104.17.218.25,80,http,Canada
108.162.193.147,80,http,Canada
5.10.245.255,80,http,Curaçao
104.16.71.98,80,http,Canada
46.254.93.5,80,http,Indonesia
185.162.229.191,80,http,United Kingdom of Great Britain and Northern Ireland
177.234.217.84,999,http,Ecuador
104.16.110.61,80,http,Canada
46.254.93.221,80,http,Indonesia
102.177.176.235,80,http,Germany
45.80.110.137,80,http,Estonia
172.64.91.104,80,http,Canada
216.24.57.146,80,http,United States of America
104.21.29.53,80,http,Canada
104.25.57.237,80,http,Canada
188.42.89.118,80,http,Luxembourg
159.246.55.219,80,http,United States of America
172.67.167.3,80,http,Canada
172.67.187.253,80,http,Canada
45.131.208.43,80,http,Belize
141.193.213.174,80,http,United States of America
23.227.39.141,80,http,Canada
104.21.22.186,80,http,Canada
104.16.9.229,80,http,Canada
192.200.160.85,80,http,United States of America
31.12.75.144,80,http,Russian Federation
45.67.215.213,80,http,Russian Federation
202.4.125.221,9999,http,Bangladesh
104.17.169.230,80,http,Canada
185.238.228.42,80,http,United Kingdom of Great Britain and Northern Ireland
104.16.181.235,80,http,Canada
185.162.231.21,80,http,United Kingdom of Great Britain and Northern Ireland
104.25.1.247,80,http,Canada
104.21.229.170,80,http,Canada
170.114.45.221,80,http,United States of America
147.185.161.68,80,http,United States of America
181.214.1.225,80,http,Germany
104.27.10.226,80,http,Canada
172.64.32.249,80,http,Canada
85.117.90.41,8081,http,Russian Federation
46.254.92.177,80,http,Indonesia
104.25.0.213,80,http,Canada
170.114.45.33,80,http,United States of America
104.16.2.12,80,http,Canada
141.193.213.17,80,http,United States of America
172.64.157.2,80,http,Canada
185.176.24.252,80,http,Netherlands
8.35.211.78,80,http,United States of America
170.114.45.4,80,http,United States of America
104.17.232.29,80,http,Canada
172.66.40.130,80,http,Canada
23.227.38.205,80,http,Canada
172.67.73.39,80,http,Canada
89.116.250.108,80,http,Lithuania
45.131.210.82,80,http,Belize
170.114.46.189,80,http,United States of America
172.67.70.89,80,http,Canada
194.36.55.68,80,http,United Kingdom of Great Britain and Northern Ireland
216.24.57.77,80,http,United States of America
45.67.215.40,80,http,Russian Federation
45.80.110.60,80,http,Estonia
185.193.28.240,80,http,Poland
188.114.99.220,80,http,United States of America
206.238.237.162,80,http,Singapore
31.43.179.165,80,http,Kazakhstan
185.238.228.23,80,http,United Kingdom of Great Britain and Northern Ireland
108.162.198.6,80,http,United States of America
104.27.2.226,80,http,Canada
185.148.107.25,80,http,Netherlands
185.18.250.176,80,http,Spain
45.67.215.208,80,http,Russian Federation
8.35.211.51,80,http,United States of America
216.24.57.9,80,http,United States of America
104.27.57.199,80,http,Canada
194.36.55.206,80,http,United Kingdom of Great Britain and Northern Ireland
23.227.38.46,80,http,Canada
104.254.140.227,80,http,United States of America
104.18.27.70,80,http,Canada
173.245.58.41,80,http,Canada
108.162.193.43,80,http,Canada
45.8.211.149,80,http,Singapore
172.64.146.98,80,http,United States of America
46.254.92.48,80,http,Indonesia
46.254.92.31,80,http,Indonesia
102.177.176.47,80,http,Germany
104.27.107.8,80,http,Canada
172.66.0.157,80,http,Canada
23.227.39.169,80,http,Canada
104.17.174.109,80,http,Canada
192.200.160.222,80,http,United States of America
172.64.91.163,80,http,Canada
104.17.226.37,80,http,Canada
188.114.99.89,80,http,United States of America
159.246.55.238,80,http,United States of America
141.193.213.21,80,http,United States of America
147.185.161.113,80,http,United States of America
172.67.181.75,80,http,Canada
89.116.250.57,80,http,Lithuania
31.43.179.96,80,http,Kazakhstan
185.238.228.133,80,http,United Kingdom of Great Britain and Northern Ireland
216.205.52.65,80,http,United States of America
147.185.161.84,80,http,United States of America
108.162.196.54,80,http,Canada
185.148.107.68,80,http,Netherlands
104.24.234.61,80,http,Canada
63.141.128.71,80,http,United States of America
172.67.218.206,80,http,Canada
104.17.127.9,80,http,Canada
172.67.223.190,80,http,Canada
172.66.207.98,80,http,United States of America
46.254.92.184,80,http,Indonesia
185.170.166.16,80,http,Netherlands
104.17.229.137,80,http,Canada
160.123.255.161,80,http,South Africa
172.67.69.247,80,http,Canada
170.114.45.48,80,http,United States of America
104.21.23.84,80,http,Canada
185.162.231.229,80,http,United Kingdom of Great Britain and Northern Ireland
188.245.218.56,80,http,"Iran, Islamic Republic of"
69.84.182.231,80,http,United States of America
38.54.71.67,80,http,Nepal
172.67.167.7,80,http,Canada
206.238.238.48,80,http,Singapore
104.19.146.107,80,http,United States of America
104.16.0.210,80,http,Canada
104.16.1.118,80,http,Canada
104.16.1.33,80,http,Canada
185.238.228.88,80,http,United Kingdom of Great Britain and Northern Ireland
103.116.7.130,80,http,United States of America
172.64.148.34,80,http,United States of America
45.8.211.90,80,http,Singapore
160.153.1.155,80,http,United States of America
154.194.12.161,80,http,Singapore
23.227.39.254,80,http,Canada
172.67.198.106,80,http,Canada
195.85.23.89,80,http,Czechia
108.162.192.136,80,http,United States of America
212.183.88.173,80,http,Austria
45.131.208.226,80,http,Belize
23.227.38.169,80,http,Canada
102.177.176.213,80,http,Germany
104.21.221.32,80,http,Canada
164.38.155.139,80,http,United Kingdom of Great Britain and Northern Ireland
45.85.119.210,80,http,United Kingdom of Great Britain and Northern Ireland
104.27.10.21,80,http,Canada
62.72.166.51,80,http,Curaçao
104.17.58.20,80,http,Canada
23.227.38.159,80,http,Canada
188.114.96.255,80,http,Canada
104.21.16.115,80,http,United States of America
104.18.239.212,80,http,Canada
89.116.250.73,80,http,Lithuania
108.162.196.91,80,http,Canada
66.235.200.142,80,http,United States of America
172.64.33.102,80,http,Canada
104.21.3.246,80,http,Canada
79.137.95.8,7080,socks4,France
116.118.98.10,5678,socks4,Viet Nam
41.223.232.34,4145,socks4,Burkina Faso
166.62.53.45,13946,socks4,United States of America
168.253.196.6,5678,socks4,South Africa
31.43.122.180,51372,socks4,Ukraine
45.13.59.97,3129,socks4,France
154.202.117.1,3128,socks4,United States of America
87.247.141.184,62645,socks4,Russian Federation
220.127.244.50,11033,socks4,"Korea, Republic of"
103.79.96.218,4153,socks4,Indonesia
178.32.112.229,60289,socks4,France
46.105.44.29,58330,socks4,France
162.191.102.2,80,socks4,United States of America
93.190.138.216,12970,socks4,Netherlands
110.78.148.249,4153,socks4,Thailand
221.132.18.38,80,socks4,Viet Nam
186.56.43.252,5678,socks4,Argentina
202.159.35.177,443,socks4,Indonesia
1.15.158.220,80,socks4,China
157.245.59.71,42765,socks4,Singapore
178.32.99.234,5678,socks4,France
117.40.198.30,1080,socks4,China
171.254.1.190,1080,socks4,Viet Nam
185.170.233.105,47574,socks4,Cyprus
92.222.237.95,8898,socks4,France
125.27.253.117,8080,socks4,Thailand
188.75.186.152,4145,socks4,Czechia
192.99.13.83,45250,socks4,Canada
202.46.84.226,65437,socks4,Indonesia
186.232.11.229,5678,socks4,Brazil
38.127.179.226,55994,socks4,United States of America
132.148.129.254,41743,socks4,United States of America
103.234.26.74,1080,socks4,Bangladesh
109.121.50.69,1080,socks4,Serbia
184.170.245.139,61714,socks4,United States of America
136.243.88.67,14178,socks4,Germany
197.254.7.178,15808,socks4,Kenya
192.163.200.196,24787,socks4,United States of America
115.127.5.146,8674,socks4,Bangladesh
197.235.15.249,4153,socks4,Mozambique
5.141.81.209,5678,socks4,Russian Federation
192.99.37.195,18020,socks4,Canada
175.110.112.72,31954,socks4,Netherlands
75.119.203.49,32238,socks4,United States of America
206.192.226.90,39593,socks4,United States of America
1.1.1.177,80,socks4,Australia
171.250.218.172,1080,socks4,Viet Nam
103.69.90.57,8081,socks4,India
27.70.234.140,10009,socks4,Viet Nam
31.217.213.227,8090,socks4,"Iran, Islamic Republic of"
128.140.77.217,9050,socks4,Germany
80.80.162.81,10805,socks4,
104.207.37.53,3128,socks4,United States of America
45.139.11.187,42444,socks4,"Iran, Islamic Republic of"
191.243.56.146,4153,socks4,Brazil
182.50.8.219,80,socks4,China
180.183.1.145,4153,socks4,Thailand
132.148.142.178,17043,socks4,United States of America
203.124.53.122,5678,socks4,Pakistan
165.154.218.149,20051,socks4,United States of America
86.28.76.188,4145,socks4,United Kingdom of Great Britain and Northern Ireland
79.106.165.30,50194,socks4,Albania
125.26.4.197,4145,socks4,Thailand
186.248.197.210,5678,socks4,Brazil
124.225.159.213,38801,socks4,China
118.218.126.54,9400,socks4,"Korea, Republic of"
113.140.74.26,8000,socks4,China
92.86.92.126,42740,socks4,Romania
190.109.75.253,33633,socks4,Brazil
14.58.109.154,3720,socks4,"Korea, Republic of"
139.59.238.215,3128,socks4,Singapore
50.93.197.99,1080,socks4,United States of America
222.135.110.112,8888,socks4,China
103.28.148.187,8080,socks4,Indonesia
188.165.252.198,57576,socks4,France
106.75.134.183,999,socks4,China
46.98.247.92,1080,socks4,Ukraine
51.81.186.179,55282,socks4,United States of America
91.92.80.199,4145,socks4,Bulgaria
202.163.127.244,5678,socks4,Pakistan
213.6.68.94,5678,socks4,"Palestine, State of"
77.234.252.195,8080,socks4,Slovakia
94.236.153.96,4145,socks4,Bulgaria
51.210.180.105,6713,socks4,France
182.253.152.76,8080,socks4,Indonesia
196.40.117.114,5678,socks4,Mozambique
213.136.79.177,9341,socks4,France
31.170.19.233,4153,socks4,Latvia
169.239.236.101,10801,socks4,Nigeria
186.67.177.125,5678,socks4,Chile
36.37.153.54,51080,socks4,Cambodia
138.186.222.129,5678,socks4,Brazil
185.125.253.218,1080,socks4,"Iran, Islamic Republic of"
1.10.133.77,4145,socks4,Thailand
147.161.163.33,10013,socks4,South Africa
110.78.182.221,4145,socks4,Thailand
72.37.216.68,4145,socks4,United States of America
43.159.20.148,24411,socks4,Singapore
35.181.79.66,8888,socks4,France
68.183.128.131,8080,socks4,United States of America
110.238.116.82,8015,socks4,Thailand
123.25.30.128,8080,socks4,Viet Nam
46.227.37.17,1088,socks4,Poland
113.160.218.59,4153,socks4,Viet Nam
188.136.143.243,48309,socks4,"Iran, Islamic Republic of"
87.250.109.174,8080,socks4,Bosnia and Herzegovina
103.112.234.65,5678,socks4,India
115.127.75.27,7777,socks4,Bangladesh
178.72.192.37,5678,socks4,Czechia
103.78.210.178,30000,socks4,Indonesia
113.160.132.158,6889,socks4,Viet Nam
27.70.163.199,30670,socks4,Viet Nam
197.245.114.181,5678,socks4,South Africa
103.88.236.154,84,socks4,India
202.40.186.157,4145,socks4,Bangladesh
187.19.127.253,4153,socks4,Brazil
175.139.200.17,4153,socks4,Malaysia
78.31.92.145,1080,socks4,Poland
177.10.81.32,4145,socks4,Brazil
142.54.226.214,4145,socks4,United States of America
191.253.106.140,8080,socks4,Brazil
202.159.121.145,443,socks4,Indonesia
154.82.168.92,1338,socks4,United Kingdom of Great Britain and Northern Ireland
45.206.72.173,1338,socks4,United Kingdom of Great Britain and Northern Ireland
103.51.46.4,4145,socks4,Indonesia
43.252.237.98,4145,socks4,Indonesia
80.191.46.59,1080,socks4,"Iran, Islamic Republic of"
115.74.159.117,1080,socks4,Viet Nam
138.97.0.87,4145,socks4,Brazil
8.129.25.203,9999,socks4,China
45.231.30.247,4153,socks4,Brazil
147.45.43.159,34006,socks4,Netherlands
23.94.21.39,3210,socks4,United States of America
45.144.30.254,443,socks4,Russian Federation
103.254.175.181,8080,socks4,India
85.99.122.164,4153,socks4,Türkiye
104.207.44.142,3128,socks4,United States of America
165.22.48.242,8888,socks4,Singapore
185.209.28.109,80,socks4,Russian Federation
110.77.184.80,4145,socks4,Thailand
103.35.109.138,4145,socks4,Bangladesh
109.73.176.20,4145,socks4,Italy
154.93.44.13,80,socks4,United Arab Emirates
41.60.232.61,30844,socks4,Kenya
103.220.205.162,4673,socks4,Bangladesh
212.126.107.2,31475,socks4,Iraq
69.63.69.90,8080,socks4,Eswatini
193.242.210.140,80,socks4,Netherlands
46.243.178.3,8888,socks4,Russian Federation
209.42.61.140,8080,socks4,United States of America
104.207.36.52,3128,socks4,United States of America
23.94.21.174,3128,socks4,United States of America
178.62.144.31,652,socks4,Netherlands
43.153.170.206,13220,socks4,Japan
171.228.188.56,5104,socks4,Viet Nam
139.162.166.167,43941,socks4,Germany
66.207.184.21,5432,socks4,United States of America
69.163.160.191,28640,socks4,United States of America
51.222.84.118,21777,socks4,Canada
190.109.72.41,33633,socks4,Brazil
103.248.25.138,4153,socks4,Indonesia
52.97.183.166,80,socks4,Netherlands
37.235.21.192,51327,socks4,"Iran, Islamic Republic of"
177.222.60.138,5678,socks4,"Bolivia, Plurinational State of"
36.255.104.17,1080,socks4,Maldives
212.200.89.10,4153,socks4,Serbia
69.60.123.128,54032,socks4,United States of America
37.235.53.208,14888,socks4,Spain
116.107.189.77,1080,socks4,Viet Nam
103.141.189.62,5678,socks4,Indonesia
1.10.133.155,4145,socks4,Thailand
185.171.24.5,29527,socks4,Türkiye
168.149.1.227,8080,socks4,Saudi Arabia
103.90.230.19,16743,socks4,Viet Nam
192.12.113.255,4145,socks4,Brazil
138.36.86.237,5678,socks4,Brazil
202.153.91.165,1080,socks4,Hong Kong
85.105.50.108,80,socks4,Türkiye
203.76.103.57,4145,socks4,Bangladesh
154.12.233.87,10000,socks4,United States of America
51.81.23.66,28912,socks4,United States of America
54.36.122.16,17188,socks4,France
110.77.149.227,4153,socks4,Thailand
34.79.91.3,59040,socks4,Belgium
87.238.192.52,41373,socks4,Germany
152.42.191.2,3128,socks4,Singapore
103.113.12.90,4673,socks4,Bangladesh
154.113.161.129,5678,socks4,Nigeria
74.208.47.168,41786,socks4,United States of America
60.243.160.53,1080,socks4,India
171.247.97.3,1080,socks4,Viet Nam
171.228.158.198,10089,socks4,Viet Nam
115.76.205.242,24706,socks4,Viet Nam
186.251.255.29,31337,socks4,Brazil
135.148.9.13,25010,socks4,United States of America
94.77.127.120,80,socks4,Russian Federation
66.181.33.12,80,socks4,United States of America
109.169.182.113,7788,socks4,Russian Federation
190.5.225.178,44605,socks4,Panama
45.128.135.249,1080,socks4,Netherlands
103.47.94.97,1080,socks4,India
1.10.133.237,4145,socks4,Thailand
89.39.105.228,11423,socks4,Netherlands
67.222.106.44,43667,socks4,United States of America
45.56.102.153,10120,socks4,United States of America
45.228.147.239,5678,socks4,Brazil
186.211.105.202,43573,socks4,Brazil
107.173.18.71,3128,socks4,United States of America
160.202.41.194,4153,socks4,Indonesia
152.170.68.57,33333,socks4,Argentina
103.51.46.2,4145,socks4,Indonesia
207.180.221.129,58351,socks4,France
177.66.59.130,4153,socks4,Brazil
212.33.194.177,80,socks4,"Iran, Islamic Republic of"
167.160.40.182,10036,socks4,Germany
222.165.223.140,41541,socks4,Indonesia
109.236.80.126,14187,socks4,Netherlands
202.159.35.73,443,socks4,Indonesia
104.36.166.42,15785,socks4,United States of America
45.138.69.27,20000,socks4,Canada
119.28.78.224,29900,socks4,Hong Kong
94.182.44.187,5678,socks4,"Iran, Islamic Republic of"
190.2.134.118,13200,socks4,Netherlands
149.248.52.42,11017,socks4,Canada
45.76.182.145,15560,socks4,Singapore
103.102.141.39,4145,socks4,Indonesia
162.214.157.137,54027,socks4,United States of America
204.10.182.34,39593,socks4,United States of America
216.117.195.93,80,socks4,United States of America
140.250.144.18,1080,socks4,China
79.101.106.74,33608,socks4,Serbia
67.225.250.37,30126,socks4,United States of America
125.87.80.253,2324,socks4,China
124.41.240.203,37704,socks4,Nepal
182.23.108.163,4153,socks4,Indonesia
8.219.104.50,443,socks4,Singapore
117.111.251.102,8081,socks4,"Korea, Republic of"
203.119.147.187,80,socks4,China
198.46.172.102,12345,socks4,United States of America
37.16.6.125,3128,socks4,United States of America
115.72.43.36,10001,socks4,Viet Nam
202.55.175.237,1080,socks4,Indonesia
45.6.95.69,4153,socks4,Brazil
197.234.13.12,4145,socks4,Seychelles
197.234.13.44,4145,socks4,Seychelles
43.129.157.205,80,socks4,Hong Kong
187.103.74.137,5678,socks4,Brazil
5.165.2.223,3629,socks4,Russian Federation
222.97.229.235,8080,socks4,"Korea, Republic of"
92.49.144.50,7788,socks4,Russian Federation
169.255.189.105,4145,socks4,"Congo, Democratic Republic of the"
92.205.107.159,56013,socks4,France
149.20.253.103,12551,socks4,United States of America
185.189.208.65,4153,socks4,Georgia
213.32.252.134,5678,socks4,Iraq
103.31.251.124,8080,socks4,Indonesia
172.105.251.72,4003,socks4,Germany
104.164.144.150,64836,socks4,Netherlands
45.138.69.32,20000,socks4,Canada
165.225.216.80,10605,socks4,United States of America
51.81.89.146,50605,socks5,United States of America
104.251.93.170,55847,socks5,United States of America
42.248.121.138,1024,socks5,China
146.56.161.26,18433,socks5,"Korea, Republic of"
106.75.189.147,999,socks5,China
212.47.228.149,13888,socks5,France
192.241.205.63,60092,socks5,United States of America
101.32.200.127,808,socks5,Hong Kong
36.92.111.49,52471,socks5,Indonesia
124.131.202.102,3128,socks5,China
45.144.30.205,443,socks5,Russian Federation
91.222.198.125,5678,socks5,"Iran, Islamic Republic of"
204.57.112.5,80,socks5,United States of America
161.35.229.155,61658,socks5,United States of America
38.127.172.186,174,socks5,United States of America
8.210.150.195,26666,socks5,Hong Kong
222.186.50.204,1080,socks5,China
8.218.249.189,15673,socks5,Hong Kong
69.163.165.180,41610,socks5,United States of America
154.6.99.189,1337,socks5,United States of America
82.200.117.130,1080,socks5,Russian Federation
62.87.154.36,80,socks5,Poland
192.81.216.55,7497,socks5,United States of America
223.247.47.172,8089,socks5,China
103.214.112.238,32323,socks5,Indonesia
37.187.140.148,19639,socks5,France
84.239.49.192,9002,socks5,Romania
190.210.186.241,80,socks5,Argentina
104.131.94.90,51346,socks5,United States of America
67.207.82.252,59460,socks5,United States of America
213.136.69.153,63791,socks5,France
193.70.113.238,18545,socks5,France
186.126.17.219,1080,socks5,Argentina
92.252.239.27,7788,socks5,Russian Federation
43.153.29.34,443,socks5,United States of America
217.182.192.53,57799,socks5,France
115.76.248.226,8080,socks5,Viet Nam
92.252.183.110,7788,socks5,Russian Federation
192.3.215.242,12345,socks5,United States of America
138.36.171.244,7497,socks5,Brazil
94.181.174.77,4153,socks5,Russian Federation
153.99.224.114,1080,socks5,China
181.3.68.88,1080,socks5,Argentina
62.171.135.216,50037,socks5,Germany
209.97.176.112,11793,socks5,United Kingdom of Great Britain and Northern Ireland
50.116.14.201,7497,socks5,United States of America
211.119.90.169,1080,socks5,"Korea, Republic of"
159.65.116.119,30199,socks5,Germany
5.138.172.20,7788,socks5,Russian Federation
194.4.50.60,12334,socks5,Canada
101.73.162.83,1080,socks5,China
45.76.9.121,11324,socks5,United States of America
103.215.139.32,57421,socks5,Malaysia
